hsk,character,pinyin
1,爱,ài
1,八,bā
1,爸爸,bàba
1,杯子,bēizi
1,北京,Běijīng
1,本,běn
1,不客气,bú kèqi
1,不,bù
1,菜,cài
1,茶,chá
1,吃,chī
1,出租车,chūzūchē
1,打电话,dǎ diànhuà
1,大,dà
1,的,de
1,点,diǎn
1,电脑,diànnǎo
1,电视,diànshì
1,电影,diànyǐng
1,东西,dōngxi
1,都,dōu
1,读,dú
1,对不起,duìbuqǐ
1,多,duō
1,多少,duōshao
1,儿子,érzi
1,二,èr
1,饭馆,fànguǎn
1,飞机,fēijī
1,分钟,fēnzhōng
1,高兴,gāoxìng
1,个,gè
1,工作,gōngzuò
1,狗,gǒu
1,汉语,Hànyǔ
1,好,hǎo
1,喝,hē
1,和,hé
1,很,hěn
1,后面,hòumiàn
1,回,huí
1,会,huì
1,火车站,huǒchēzhàn
1,几,jǐ
1,家,jiā
1,叫,jiào
1,今天,jīntiān
1,九,jiǔ
1,开,kāi
1,看,kàn
1,看见,kànjiàn
1,块,kuài
1,来,lái
1,老师,lǎoshī
1,了,le
1,冷,lěng
1,里,lǐ
1,零,líng
1,六,liù
1,妈妈,māma
1,吗,ma
1,买,mǎi
1,猫,māo
1,没,méi
1,没关系,méi guānxi
1,米饭,mǐfàn
1,明天,míngtiān
1,名字,míngzi
1,哪（哪儿）,nǎ (nǎr)
1,那（那儿）,nà (nàr)
1,呢,ne
1,能,néng
1,你,nǐ
1,年,nián
1,女儿,nǚ'ér
1,朋友,péngyou
1,漂亮,piàoliang
1,苹果,píngguǒ
1,七,qī
1,钱,qián
1,前面,qiánmiàn
1,请,qǐng
1,去,qù
1,热,rè
1,人,rén
1,认识,rènshi
1,日,rì
1,三,sān
1,商店,shāngdiàn
1,上,shàng
1,上午,shàngwǔ
1,少,shǎo
1,谁,shéi
1,什么,shénme
1,十,shí
1,时候,shíhou
1,是,shì
1,书,shū
1,水,shuǐ
1,水果,shuǐguǒ
1,睡觉,shuìjiào
1,说话,shuōhuà
1,四,sì
1,岁,suì
1,他,tā
1,她,tā
1,太,tài
1,天气,tiānqì
1,听,tīng
1,同学,tóngxué
1,喂,wèi
1,我,wǒ
1,我们,wǒmen
1,五,wǔ
1,喜欢,xǐhuan
1,下,xià
1,下午,xiàwǔ
1,下雨,xià yǔ
1,先生,xiānsheng
1,现在,xiànzài
1,想,xiǎng
1,小,xiǎo
1,小姐,xiǎojiě
1,些,xiē
1,写,xiě
1,谢谢,xièxie
1,星期,xīngqī
1,学生,xuésheng
1,学习,xuéxí
1,学校,xuéxiào
1,一,yī
1,衣服,yīfu
1,医生,yīshēng
1,医院,yīyuàn
1,椅子,yǐzi
1,有,yǒu
1,月,yuè
1,在,zài
1,再见,zàijiàn
1,怎么,zěnme
1,怎么样,zěnmeyàng
1,这（这儿）,zhè (zhèr)
1,中国,Zhōngguó
1,中午,zhōngwǔ
1,住,zhù
1,桌子,zhuōzi
1,字,zì
1,昨天,zuótiān
1,坐,zuò
1,做,zuò
2,吧,ba
2,白,bái
2,百,bǎi
2,帮助,bāngzhù
2,报纸,bàozhǐ
2,比,bǐ
2,别,bié
2,长,cháng
2,唱歌,chànggē
2,出,chū
2,穿,chuān
2,船,chuán
2,次,cì
2,从,cóng
2,错,cuò
2,打篮球,dǎ lánqiú
2,大家,dàjiā
2,但是,dànshì
2,到,dào
2,得,de
2,等,děng
2,弟弟,dìdi
2,第一,dì-yī
2,懂,dǒng
2,对,duì
2,房间,fángjiān
2,非常,fēicháng
2,服务员,fúwùyuán
2,高,gāo
2,告诉,gàosu
2,哥哥,gēge
2,给,gěi
2,公共汽车,gōnggòngqìchē
2,公斤,gōngjīn
2,公司,gōngsī
2,贵,guì
2,过,guo
2,还,hái
2,孩子,háizi
2,好吃,hǎochī
2,号,hào
2,黑,hēi
2,红,hóng
2,欢迎,huānyíng
2,回答,huídá
2,机场,jīchǎng
2,鸡蛋,jīdàn
2,件,jiàn
2,教室,jiàoshì
2,姐姐,jiějie
2,介绍,jièshào
2,进,jìn
2,近,jìn
2,就,jiù
2,觉得,juéde
2,咖啡,kāfēi
2,开始,kāishǐ
2,考试,kǎoshì
2,可能,kěnéng
2,可以,kěyǐ
2,课,kè
2,快,kuài
2,快乐,kuàilè
2,累,lèi
2,离,lí
2,两,liǎng
2,路,lù
2,旅游,lǚyóu
2,卖,mài
2,慢,màn
2,忙,máng
2,每,měi
2,妹妹,mèimei
2,门,mén
2,男人,nánrén
2,您,nín
2,牛奶,niúnǎi
2,女人,nǚrén
2,旁边,pángbiān
2,跑步,pǎobù
2,便宜,piányi
2,票,piào
2,妻子,qīzi
2,起床,qǐchuáng
2,千,qiān
2,晴,qíng
2,去年,qùnián
2,让,ràng
2,上班,shàngbān
2,身体,shēntǐ
2,生病,shēngbìng
2,生日,shēngrì
2,时间,shíjiān
2,事情,shìqing
2,手表,shǒubiǎo
2,手机,shǒujī
2,送,sòng
2,所以,suǒyǐ
2,它,tā
2,踢足球,tī zúqiú
2,题,tí
2,跳舞,tiàowǔ
2,外,wài
2,完,wán
2,玩,wán
2,晚上,wǎnshang
2,为什么,wèi shénme
2,问,wèn
2,问题,wèntí
2,西瓜,xīguā
2,希望,xīwàng
2,洗,xǐ
2,向,xiàng
2,小时,xiǎoshí
2,笑,xiào
2,新,xīn
2,姓,xìng
2,休息,xiūxi
2,雪,xuě
2,颜色,yánsè
2,眼睛,yǎnjing
2,羊肉,yángròu
2,药,yào
2,要,yào
2,也,yě
2,已经,yǐjīng
2,一起,yìqǐ
2,意思,yìsi
2,阴,yīn
2,因为,yīnwèi
2,游泳,yóuyǒng
2,右边,yòubian
2,鱼,yú
2,元,yuán
2,远,yuǎn
2,运动,yùndòng
2,再,zài
2,早上,zǎoshang
2,张,zhāng
2,丈夫,zhàngfu
2,找,zhǎo
2,着,zhe
2,真,zhēn
2,正在,zhèngzài
2,知道,zhīdào
2,准备,zhǔnbèi
2,自行车,zìxíngchē
2,走,zǒu
2,最,zuì
2,左边,zuǒbian
3,阿姨,āyí
3,啊,a
3,矮,ǎi
3,爱好,àihào
3,安静,ānjìng
3,把,bǎ
3,班,bān
3,搬,bān
3,半,bàn
3,办法,bànfǎ
3,办公室,bàngōngshì
3,帮忙,bāngmáng
3,包,bāo
3,饱,bǎo
3,北方,běifāng
3,被,bèi
3,鼻子,bízi
3,比较,bǐjiào
3,比赛,bǐsài
3,必须,bìxū
3,变化,biànhuà
3,表示,biǎoshì
3,表演,biǎoyǎn
3,别人,biéren
3,宾馆,bīnguǎn
3,冰箱,bīngxiāng
3,才,cái
3,菜单,càidān
3,参加,cānjiā
3,草,cǎo
3,层,céng
3,差,chà
3,超市,chāoshì
3,衬衫,chènshān
3,成绩,chéngjì
3,城市,chéngshì
3,迟到,chídào
3,出现,chūxiàn
3,厨房,chúfáng
3,除了,chúle
3,春,chūn
3,词语,cíyǔ
3,聪明,cōngming
3,打扫,dǎsǎo
3,打算,dǎsuàn
3,带,dài
3,担心,dānxīn
3,蛋糕,dàngāo
3,当然,dāngrán
3,地,de
3,灯,dēng
3,低,dī
3,地方,dìfang
3,地铁,dìtiě
3,地图,dìtú
3,电梯,diàntī
3,电子邮件,diànzǐ yóujiàn
3,东,dōng
3,冬,dōng
3,动物,dòngwù
3,短,duǎn
3,段,duàn
3,锻炼,duànliàn
3,多么,duōme
3,饿,è
3,而且,érqiě
3,耳朵,ěrduo
3,发烧,fāshāo
3,发现,fāxiàn
3,方便,fāngbiàn
3,放,fàng
3,放心,fàngxīn
3,分,fēn
3,附近,fùjìn
3,复习,fùxí
3,干净,gānjìng
3,敢,gǎn
3,感冒,gǎnmào
3,刚才,gāngcái
3,跟,gēn
3,根据,gēnjù
3,更,gèng
3,公园,gōngyuán
3,故事,gùshi
3,刮风,guā fēng
3,关,guān
3,关系,guānxì
3,关心,guānxīn
3,关于,guānyú
3,国家,guójiā
3,果汁,guǒzhī
3,过去,guòqù
3,还是,háishì
3,害怕,hàipà
3,河,hé
3,黑板,hēibǎn
3,护照,hùzhào
3,花（动）,huā
3,花园,huāyuán
3,画,huà
3,坏,huài
3,还,huán
3,环境,huánjìng
3,换,huàn
3,黄,huáng
3,会议,huìyì
3,或者,huòzhě
3,几乎,jīhū
3,机会,jīhuì
3,极,jí
3,记得,jìde
3,季节,jìjié
3,检查,jiǎnchá
3,简单,jiǎndān
3,健康,jiànkāng
3,见面,jiànmiàn
3,讲,jiǎng
3,教,jiāo
3,角,jiǎo
3,脚,jiǎo
3,接,jiē
3,街道,jiēdào
3,结婚,jiéhūn
3,结束,jiéshù
3,节目,jiémù
3,节日,jiérì
3,解决,jiějué
3,借,jiè
3,经常,jīngcháng
3,经过,jīngguò
3,经理,jīnglǐ
3,久,jiǔ
3,旧,jiù
3,举行,jǔxíng
3,句子,jùzi
3,决定,juédìng
3,渴,kě
3,可爱,kě'ài
3,刻,kè
3,客人,kèrén
3,空调,kōngtiáo
3,口,kǒu
3,哭,kū
3,裤子,kùzi
3,筷子,kuàizi
3,蓝,lán
3,老,lǎo
3,离开,líkāi
3,礼物,lǐwù
3,历史,lìshǐ
3,脸,liǎn
3,练习,liànxí
3,辆,liàng
3,了解,liǎojiě
3,邻居,línjū
3,楼,lóu
3,绿,lǜ
3,马,mǎ
3,马上,mǎshàng
3,满意,mǎnyì
3,帽子,màozi
3,米,mǐ
3,面包,miànbāo
3,面条,miàntiáo
3,明白,míngbai
3,拿,ná
3,奶奶,nǎinai
3,南,nán
3,难,nán
3,难过,nánguò
3,年级,niánjí
3,年轻,niánqīng
3,鸟,niǎo
3,努力,nǔlì
3,爬山,páshān
3,盘子,pánzi
3,胖,pàng
3,啤酒,píjiǔ
3,葡萄,pútao
3,普通话,pǔtōnghuà
3,其实,qíshí
3,其他,qítā
3,骑,qí
3,奇怪,qíguài
3,铅笔,qiānbǐ
3,清楚,qīngchu
3,秋,qiū
3,裙子,qúnzi
3,然后,ránhòu
3,热情,rèqíng
3,认为,rènwéi
3,认真,rènzhēn
3,容易,róngyì
3,如果,rúguǒ
3,伞,sǎn
3,上网,shàngwǎng
3,生气,shēngqì
3,声音,shēngyīn
3,使,shǐ
3,世界,shìjiè
3,瘦,shòu
3,舒服,shūfu
3,叔叔,shūshu
3,树,shù
3,数学,shùxué
3,刷牙,shuā yá
3,双,shuāng
3,水平,shuǐpíng
3,司机,sījī
3,虽然,suīrán
3,太阳,tàiyáng
3,糖,táng
3,特别,tèbié
3,疼,téng
3,提高,tígāo
3,体育,tǐyù
3,甜,tián
3,条,tiáo
3,同事,tóngshì
3,同意,tóngyì
3,头发,tóufa
3,突然,tūrán
3,图书馆,túshūguǎn
3,腿,tuǐ
3,完成,wánchéng
3,碗,wǎn
3,万,wàn
3,忘记,wàngjì
3,为,wèi
3,为了,wèile
3,位,wèi
3,文化,wénhuà
3,西,xī
3,习惯,xíguàn
3,洗手间,xǐshǒujiān
3,洗澡,xǐzǎo
3,夏,xià
3,先,xiān
3,香蕉,xiāngjiāo
3,相同,xiāngtóng
3,相信,xiāngxìn
3,像,xiàng
3,小心,xiǎoxīn
3,校长,xiàozhǎng
3,鞋,xié
3,新闻,xīnwén
3,新鲜,xīnxiān
3,信,xìn
3,行李箱,xínglixiāng
3,兴趣,xìngqù
3,熊猫,xióngmāo
3,需要,xūyào
3,选择,xuǎnzé
3,眼镜,yǎnjìng
3,要求,yāoqiú
3,爷爷,yéye
3,一定,yídìng
3,一共,yígòng
3,一会儿,yíhuìr
3,一样,yíyàng
3,以后,yǐhòu
3,以前,yǐqián
3,以为,yǐwéi
3,一般,yìbān
3,一边,yìbiān
3,一直,yìzhí
3,音乐,yīnyuè
3,银行,yínháng
3,应该,yīnggāi
3,影响,yǐngxiǎng
3,用,yòng
3,游戏,yóuxì
3,有名,yǒumíng
3,又,yòu
3,遇到,yùdào
3,愿意,yuànyì
3,月亮,yuèliang
3,越,yuè
3,云,yún
3,站,zhàn
3,长,zhǎng
3,着急,zháojí
3,照顾,zhàogù
3,照片,zhàopiàn
3,照相机,zhàoxiàngjī
3,只,zhǐ
3,中间,zhōngjiān
3,终于,zhōngyú
3,种,zhǒng
3,重要,zhòngyào
3,周末,zhōumò
3,主要,zhǔyào
3,祝,zhù
3,注意,zhùyì
3,字典,zìdiǎn
3,自己,zìjǐ
3,总是,zǒngshì
3,最近,zuìjìn
3,作业,zuòyè
3,作用,zuòyòng
4,爱情,àiqíng
4,安排,ānpái
4,安全,ānquán
4,暗,àn
4,按时,ànshí
4,按照,ànzhào
4,包括,bāokuò
4,保护,bǎohù
4,保证,bǎozhèng
4,抱,bào
4,抱歉,bàoqiàn
4,报道,bàodào
4,报名,bàomíng
4,倍,bèi
4,本来,běnlái
4,笨,bèn
4,笔记本,bǐjìběn
4,毕业,bìyè
4,遍,biàn
4,标准,biāozhǔn
4,表达,biǎodá
4,表格,biǎogé
4,表扬,biǎoyáng
4,饼干,bǐnggān
4,并且,bìngqiě
4,博士,bóshì
4,不但,búdàn
4,不过,búguò
4,不得不,bùdébù
4,不管,bùguǎn
4,不仅,bùjǐn
4,部分,bùfen
4,擦,cā
4,猜,cāi
4,材料,cáiliào
4,参观,cānguān
4,差不多,chàbuduō
4,尝,cháng
4,长城,Chángchéng
4,长江,Cháng Jiāng
4,场,chǎng
4,超过,chāoguò
4,吵,chǎo
4,成功,chénggōng
4,成熟,chéngshú
4,成为,chéngwéi
4,诚实,chéngshí
4,乘坐,chéngzuò
4,吃惊,chījīng
4,重新,chóngxīn
4,抽烟,chōuyān
4,出差,chūchāi
4,出发,chūfā
4,出生,chūshēng
4,传真,chuánzhēn
4,窗户,chuānghu
4,词典,cídiǎn
4,从来,cónglái
4,粗心,cūxīn
4,答案,dá'àn
4,打扮,dǎban
4,打扰,dǎrǎo
4,打印,dǎyìn
4,打折,dǎzhé
4,打针,dǎzhēn
4,大概,dàgài
4,大使馆,dàshǐguǎn
4,大约,dàyuē
4,戴,dài
4,代表,dàibiǎo
4,代替,dàitì
4,大夫,dàifu
4,当,dāng
4,当地,dāngdì
4,当时,dāngshí
4,刀,dāo
4,导游,dǎoyóu
4,到处,dàochù
4,到底,dàodǐ
4,道歉,dàoqiàn
4,得意,déyì
4,得,děi
4,等（动）,děng
4,等（助）,děng
4,底,dǐ
4,地球,dìqiú
4,地址,dìzhǐ
4,掉,diào
4,调查,diàochá
4,丢,diū
4,动作,dòngzuò
4,堵车,dǔchē
4,肚子,dùzi
4,断,duàn
4,对（形）,duì
4,对（介）,duì
4,对话,duìhuà
4,对面,duìmiàn
4,顿,dùn
4,朵,duǒ
4,而,ér
4,儿童,értóng
4,发,fā
4,发生,fāshēng
4,发展,fāzhǎn
4,法律,fǎlǜ
4,翻译,fānyì
4,烦恼,fánnǎo
4,反对,fǎnduì
4,反映,fǎnyìng
4,范围,fànwéi
4,方法,fāngfǎ
4,方面,fāngmiàn
4,方向,fāngxiàng
4,访问,fǎngwèn
4,放弃,fàngqì
4,放暑假,fàng shǔjià
4,…分之…,fēnzhī
4,份,fèn
4,丰富,fēngfù
4,风景,fēngjǐng
4,否则,fǒuzé
4,符合,fúhé
4,富,fù
4,父亲,fùqīn
4,复印,fùyìn
4,复杂,fùzá
4,负责,fùzé
4,改变,gǎibiàn
4,干杯,gānbēi
4,干燥,gānzào
4,感动,gǎndòng
4,感觉,gǎnjué
4,感情,gǎnqíng
4,感谢,gǎnxiè
4,干,gàn
4,刚刚,gānggāng
4,高级,gāojí
4,各,gè
4,个子,gèzi
4,公里,gōnglǐ
4,工具,gōngjù
4,工资,gōngzī
4,共同,gòngtóng
4,够,gòu
4,购物,gòuwù
4,孤单,gūdān
4,估计,gūjì
4,鼓励,gǔlì
4,鼓掌,gǔzhǎng
4,顾客,gùkè
4,故意,gùyì
4,挂,guà
4,关键,guānjiàn
4,观众,guānzhòng
4,管理,guǎnlǐ
4,光,guāng
4,广播,guǎngbō
4,广告,guǎnggào
4,逛,guàng
4,规定,guīdìng
4,国际,guójì
4,果然,guǒrán
4,过（动）,guò
4,过（助）,guo
4,过程,guòchéng
4,海洋,hǎiyáng
4,害羞,hàixiū
4,寒假,hánjià
4,汗,hàn
4,航班,hángbān
4,好处,hǎochu
4,好像,hǎoxiàng
4,号码,hàomǎ
4,合格,hégé
4,合适,héshì
4,盒子,hézi
4,猴子,hóuzi
4,厚,hòu
4,后悔,hòuhuǐ
4,后来,hòulái
4,忽然,hūrán
4,护士,hùshi
4,互相,hùxiāng
4,怀疑,huáiyí
4,回忆,huíyì
4,活动,huódòng
4,活泼,huópō
4,火,huǒ
4,获得,huòdé
4,基础,jīchǔ
4,激动,jīdòng
4,积极,jījí
4,积累,jīlěi
4,极其,jíqí
4,集合,jíhé
4,及时,jíshí
4,即使,jíshǐ
4,寄,jì
4,记者,jìzhě
4,计划,jìhuà
4,既然,jìrán
4,技术,jìshù
4,继续,jìxù
4,家具,jiājù
4,加班,jiābān
4,加油站,jiāyóuzhàn
4,假,jiǎ
4,价格,jiàgé
4,坚持,jiānchí
4,减肥,jiǎnféi
4,减少,jiǎnshǎo
4,将来,jiānglái
4,奖金,jiǎngjīn
4,降低,jiàngdī
4,交,jiāo
4,交流,jiāoliú
4,交通,jiāotōng
4,骄傲,jiāo'ào
4,饺子,jiǎozi
4,教授,jiàoshòu
4,教育,jiàoyù
4,接受,jiēshòu
4,结果,jiéguǒ
4,节约,jiéyuē
4,解释,jiěshì
4,尽管,jǐnguǎn
4,紧张,jǐnzhāng
4,进行,jìnxíng
4,禁止,jìnzhǐ
4,精彩,jīngcǎi
4,精神,jīngshén
4,经济,jīngjì
4,经历,jīnglì
4,经验,jīngyàn
4,京剧,jīngjù
4,警察,jǐngchá
4,竟然,jìngrán
4,竞争,jìngzhēng
4,镜子,jìngzi
4,究竟,jiūjìng
4,举办,jǔbàn
4,拒绝,jùjué
4,距离,jùlí
4,开玩笑,kāi wánxiào
4,看法,kànfǎ
4,考虑,kǎolǜ
4,棵,kē
4,科学,kēxué
4,咳嗽,késou
4,可怜,kělián
4,可是,kěshì
4,可惜,kěxī
4,肯定,kěndìng
4,空气,kōngqì
4,恐怕,kǒngpà
4,苦,kǔ
4,宽,kuān
4,困,kùn
4,困难,kùnnan
4,扩大,kuòdà
4,拉,lā
4,垃圾桶,lājītǒng
4,辣,là
4,来不及,láibují
4,来得及,láidejí
4,懒,lǎn
4,浪费,làngfèi
4,浪漫,làngmàn
4,老虎,lǎohǔ
4,冷静,lěngjìng
4,理发,lǐfà
4,理解,lǐjiě
4,理想,lǐxiǎng
4,礼貌,lǐmào
4,厉害,lìhai
4,力气,lìqi
4,例如,lìrú
4,俩,liǎ
4,连,lián
4,联系,liánxì
4,凉快,liángkuai
4,亮,liàng
4,聊天,liáotiān
4,另外,lìngwài
4,留,liú
4,留学,liúxué
4,流泪,liúlèi
4,流利,liúlì
4,流行,liúxíng
4,乱,luàn
4,律师,lǜshī
4,麻烦,máfan
4,马虎,mǎhu
4,满,mǎn
4,毛巾,máojīn
4,美丽,měilì
4,梦,mèng
4,密码,mìmǎ
4,免费,miǎnfèi
4,民族,mínzú
4,母亲,mǔqīn
4,目的,mùdì
4,耐心,nàixīn
4,难道,nándào
4,难受,nánshòu
4,内,nèi
4,内容,nèiróng
4,能力,nénglì
4,年龄,niánlíng
4,农村,nóngcūn
4,弄,nòng
4,暖和,nuǎnhuo
4,偶尔,ǒu'ěr
4,排列,páiliè
4,判断,pànduàn
4,陪,péi
4,批评,pīpíng
4,皮肤,pífū
4,脾气,píqi
4,篇,piān
4,骗,piàn
4,乒乓球,pīngpāngqiú
4,平时,píngshí
4,瓶子,píngzi
4,破,pò
4,普遍,pǔbiàn
4,其次,qícì
4,其中,qízhōng
4,起飞,qǐfēi
4,起来,qǐlái
4,气候,qìhòu
4,千万,qiānwàn
4,签证,qiānzhèng
4,墙,qiáng
4,敲,qiāo
4,桥,qiáo
4,巧克力,qiǎokèlì
4,亲戚,qīnqi
4,轻,qīng
4,轻松,qīngsōng
4,情况,qíngkuàng
4,请假,qǐngjià
4,请客,qǐngkè
4,穷,qióng
4,区别,qūbié
4,取,qǔ
4,全部,quánbù
4,缺点,quēdiǎn
4,缺少,quēshǎo
4,却,què
4,确实,quèshí
4,群,qún
4,然而,rán'ér
4,热闹,rènao
4,人民币,rénmínbì
4,任何,rènhé
4,任务,rènwu
4,扔,rēng
4,仍然,réngrán
4,日记,rìjì
4,入口,rùkǒu
4,软,ruǎn
4,散步,sànbù
4,森林,sēnlín
4,沙发,shāfā
4,商量,shāngliang
4,伤心,shāngxīn
4,稍微,shāowēi
4,社会,shèhuì
4,深,shēn
4,申请,shēnqǐng
4,甚至,shènzhì
4,生活,shēnghuó
4,生命,shēngmìng
4,省,shěng
4,剩,shèng
4,失败,shībài
4,失望,shīwàng
4,师傅,shīfu
4,湿润,shīrùn
4,狮子,shīzi
4,十分,shífēn
4,实际,shíjì
4,实在,shízài
4,食品,shípǐn
4,使用,shǐyòng
4,试,shì
4,市场,shìchǎng
4,适合,shìhé
4,适应,shìyìng
4,世纪,shìjì
4,收,shōu
4,收入,shōurù
4,收拾,shōushi
4,首都,shǒudū
4,首先,shǒuxiān
4,受不了,shòubuliǎo
4,受到,shòudào
4,售货员,shòuhuòyuán
4,输,shū
4,熟悉,shúxī
4,数量,shùliàng
4,数字,shùzì
4,帅,shuài
4,顺便,shùnbiàn
4,顺利,shùnlì
4,顺序,shùnxù
4,说明,shuōmíng
4,硕士,shuòshì
4,死,sǐ
4,速度,sùdù
4,塑料袋,sùliàodài
4,酸,suān
4,算,suàn
4,随便,suíbiàn
4,随着,suízhe
4,孙子,sūnzi
4,所有,suǒyǒu
4,台,tái
4,抬,tái
4,态度,tàidu
4,谈,tán
4,弹钢琴,tán gāngqín
4,汤,tāng
4,躺,tǎng
4,趟,tàng
4,讨论,tǎolùn
4,讨厌,tǎoyàn
4,特点,tèdiǎn
4,提供,tígōng
4,提前,tíqián
4,提醒,tíxǐng
4,填空,tiánkòng
4,条件,tiáojiàn
4,停止,tíngzhǐ
4,挺,tǐng
4,通过,tōngguò
4,通知,tōngzhī
4,同情,tóngqíng
4,推,tuī
4,推迟,tuīchí
4,脱,tuō
4,袜子,wàzi
4,完全,wánquán
4,往,wǎng
4,往往,wǎngwǎng
4,网球,wǎngqiú
4,网站,wǎngzhàn
4,危险,wēixiǎn
4,味道,wèidào
4,温度,wēndù
4,文章,wénzhāng
4,握手,wòshǒu
4,污染,wūrǎn
4,无,wú
4,无聊,wúliáo
4,无论,wúlùn
4,误会,wùhuì
4,西红柿,xīhóngshì
4,吸引,xīyǐn
4,洗衣机,xǐyījī
4,咸,xián
4,现代,xiàndài
4,羡慕,xiànmù
4,限制,xiànzhì
4,香,xiāng
4,相反,xiāngfǎn
4,详细,xiángxì
4,响,xiǎng
4,消息,xiāoxi
4,小说,xiǎoshuō
4,笑话,xiàohua
4,效果,xiàoguǒ
4,辛苦,xīnkǔ
4,心情,xīnqíng
4,信任,xìnrèn
4,信心,xìnxīn
4,信用卡,xìnyòngkǎ
4,兴奋,xīngfèn
4,行,xíng
4,醒,xǐng
4,性别,xìngbié
4,性格,xìnggé
4,幸福,xìngfú
4,修,xiū
4,许多,xǔduō
4,血,xuè
4,压力,yālì
4,牙膏,yágāo
4,亚洲,Yàzhōu
4,呀,ya
4,盐,yán
4,严格,yángé
4,严重,yánzhòng
4,研究生,yánjiūshēng
4,演出,yǎnchū
4,演员,yǎnyuán
4,阳光,yángguāng
4,养成,yǎngchéng
4,样子,yàngzi
4,邀请,yāoqǐng
4,钥匙,yàoshi
4,也许,yěxǔ
4,页,yè
4,叶子,yèzi
4,一切,yíqiè
4,以,yǐ
4,亿,yì
4,意见,yìjiàn
4,艺术,yìshù
4,因此,yīncǐ
4,饮料,yǐnliào
4,引起,yǐnqǐ
4,印象,yìnxiàng
4,赢,yíng
4,硬,yìng
4,勇敢,yǒnggǎn
4,永远,yǒngyuǎn
4,优点,yōudiǎn
4,优秀,yōuxiù
4,幽默,yōumò
4,由,yóu
4,由于,yóuyú
4,尤其,yóuqí
4,有趣,yǒuqù
4,友好,yǒuhǎo
4,友谊,yǒuyì
4,愉快,yúkuài
4,于是,yúshì
4,与,yǔ
4,语法,yǔfǎ
4,语言,yǔyán
4,羽毛球,yǔmáoqiú
4,预习,yùxí
4,圆,yuán
4,原来,yuánlái
4,原谅,yuánliàng
4,原因,yuányīn
4,约会,yuēhuì
4,阅读,yuèdú
4,允许,yǔnxǔ
4,杂志,zázhì
4,咱们,zánmen
4,暂时,zànshí
4,脏,zāng
4,责任,zérèn
4,增加,zēngjiā
4,增长,zēngzhǎng
4,窄,zhǎi
4,招聘,zhāopìn
4,真正,zhēnzhèng
4,整理,zhěnglǐ
4,整齐,zhěngqí
4,正常,zhèngcháng
4,正好,zhènghǎo
4,正确,zhèngquè
4,正式,zhèngshì
4,证明,zhèngmíng
4,之,zhī
4,只,zhī
4,支持,zhīchí
4,知识,zhīshi
4,值得,zhídé
4,直接,zhíjiē
4,植物,zhíwù
4,职业,zhíyè
4,指,zhǐ
4,只好,zhǐhǎo
4,只要,zhǐyào
4,质量,zhìliàng
4,至少,zhìshǎo
4,制造,zhìzào
4,中文,Zhōngwén
4,重点,zhòngdiǎn
4,重视,zhòngshì
4,周围,zhōuwéi
4,猪,zhū
4,逐渐,zhújiàn
4,主动,zhǔdòng
4,主意,zhǔyi
4,祝贺,zhùhè
4,著名,zhùmíng
4,专门,zhuānmén
4,专业,zhuānyè
4,赚,zhuàn
4,撞,zhuàng
4,准确,zhǔnquè
4,准时,zhǔnshí
4,仔细,zǐxì
4,自然,zìrán
4,总结,zǒngjié
4,租,zū
4,组成,zǔchéng
4,组织,zǔzhī
4,嘴,zuǐ
4,最好,zuìhǎo
4,最后,zuìhòu
4,尊重,zūnzhòng
4,做生意,zuò shēngyi
4,座,zuò
4,座位,zuòwèi
4,作者,zuòzhě
5,唉,āi
5,爱护,àihù
5,爱惜,àixī
5,爱心,àixīn
5,安慰,ānwèi
5,安装,ānzhuāng
5,岸,àn
5,把握,bǎwò
5,摆,bǎi
5,班主任,bānzhǔrèn
5,办理,bànlǐ
5,棒,bàng
5,傍晚,bàngwǎn
5,包裹,bāoguǒ
5,包含,bāohán
5,包子,bāozi
5,薄,báo
5,宝贝,bǎobèi
5,宝贵,bǎoguì
5,保持,bǎochí
5,保存,bǎocún
5,保留,bǎoliú
5,保险,bǎoxiǎn
5,报告,bàogào
5,悲观,bēiguān
5,背,bèi
5,背景,bèijǐng
5,被子,bèizi
5,本科,běnkē
5,本领,běnlǐng
5,本质,běnzhì
5,比例,bǐlì
5,比如,bǐrú
5,彼此,bǐcǐ
5,毕竟,bìjìng
5,避免,bìmiǎn
5,必然,bìrán
5,必需,bìxū
5,必要,bìyào
5,编辑,biānjí
5,鞭炮,biānpào
5,便,biàn
5,辩论,biànlùn
5,标点,biāodiǎn
5,标志,biāozhì
5,表面,biǎomiàn
5,表明,biǎomíng
5,表情,biǎoqíng
5,表现,biǎoxiàn
5,丙,bǐng
5,病毒,bìngdú
5,玻璃,bōli
5,博物馆,bówùguǎn
5,脖子,bózi
5,不必,búbì
5,不断,búduàn
5,不见得,bú jiàndé
5,不耐烦,bú nàifán
5,不要紧,bú yàojǐn
5,补充,bǔchōng
5,布,bù
5,不安,bù'ān
5,不得了,bù déliǎo
5,不好意思,bù hǎoyìsi
5,不免,bùmiǎn
5,不然,bùrán
5,不如,bùrú
5,不足,bùzú
5,部门,bùmén
5,步骤,bùzhòu
5,财产,cáichǎn
5,踩,cǎi
5,采访,cǎifǎng
5,采取,cǎiqǔ
5,彩虹,cǎihóng
5,参考,cānkǎo
5,参与,cānyù
5,餐厅,cāntīng
5,残疾,cánjí
5,惭愧,cánkuì
5,操场,cāochǎng
5,操心,cāoxīn
5,册,cè
5,厕所,cèsuǒ
5,测验,cèyàn
5,曾经,céngjīng
5,插,chā
5,差别,chābié
5,叉子,chāzi
5,拆,chāi
5,产品,chǎnpǐn
5,产生,chǎnshēng
5,长途,chángtú
5,常识,chángshí
5,抄,chāo
5,朝,cháo
5,朝代,cháodài
5,炒,chǎo
5,吵架,chǎojià
5,车库,chēkù
5,车厢,chēxiāng
5,彻底,chèdǐ
5,沉默,chénmò
5,趁,chèn
5,称,chēng
5,称呼,chēnghu
5,称赞,chēngzàn
5,乘,chéng
5,承担,chéngdān
5,承认,chéngrèn
5,承受,chéngshòu
5,程度,chéngdù
5,程序,chéngxù
5,成分,chéngfèn
5,成果,chéngguǒ
5,成就,chéngjiù
5,成立,chénglì
5,成语,chéngyǔ
5,成长,chéngzhǎng
5,诚恳,chéngkěn
5,吃亏,chīkuī
5,持续,chíxù
5,池子,chízi
5,尺子,chǐzi
5,翅膀,chìbǎng
5,冲,chōng
5,充电器,chōngdiànqì
5,充分,chōngfèn
5,充满,chōngmǎn
5,重复,chóngfù
5,宠物,chǒngwù
5,抽屉,chōuti
5,抽象,chōuxiàng
5,丑,chǒu
5,臭,chòu
5,出版,chūbǎn
5,出口,chūkǒu
5,出色,chūsè
5,出席,chūxí
5,初级,chūjí
5,除,chú
5,除非,chúfēi
5,除夕,chúxī
5,处理,chǔlǐ
5,传播,chuánbō
5,传递,chuándì
5,传染,chuánrǎn
5,传说,chuánshuō
5,传统,chuántǒng
5,窗帘,chuānglián
5,闯,chuǎng
5,创造,chuàngzào
5,吹,chuī
5,磁带,cídài
5,辞职,cízhí
5,此外,cǐwài
5,次要,cìyào
5,刺激,cìjī
5,匆忙,cōngmáng
5,从此,cóngcǐ
5,从而,cóng'ér
5,从前,cóngqián
5,从事,cóngshì
5,醋,cù
5,促进,cùjìn
5,促使,cùshǐ
5,催,cuī
5,存,cún
5,存在,cúnzài
5,错误,cuòwù
5,措施,cuòshī
5,答应,dāying
5,达到,dádào
5,打工,dǎgōng
5,打交道,dǎ jiāodao
5,打喷嚏,dǎ pēntì
5,打听,dǎting
5,打招呼,dǎ zhāohu
5,大方,dàfang
5,大象,dàxiàng
5,大型,dàxíng
5,呆,dāi
5,贷款,dàikuǎn
5,待遇,dàiyù
5,单纯,dānchún
5,单调,dāndiào
5,单独,dāndú
5,单位,dānwèi
5,单元,dānyuán
5,担任,dānrèn
5,耽误,dānwu
5,胆小鬼,dǎnxiǎoguǐ
5,淡,dàn
5,当代,dāngdài
5,挡,dǎng
5,岛,dǎo
5,倒霉,dǎoméi
5,导演,dǎoyǎn
5,导致,dǎozhì
5,倒,dào
5,到达,dàodá
5,道德,dàodé
5,道理,dàolǐ
5,登机牌,dēngjīpái
5,登记,dēngjì
5,等待,děngdài
5,等候,děnghòu
5,等于,děngyú
5,滴,dī
5,的确,díquè
5,敌人,dírén
5,递,dì
5,地道,dìdao
5,地理,dìlǐ
5,地区,dìqū
5,地毯,dìtǎn
5,地位,dìwèi
5,地震,dìzhèn
5,点头,diǎntóu
5,点心,diǎnxin
5,电池,diànchí
5,电台,diàntái
5,钓,diào
5,丁,dīng
5,顶,dǐng
5,冻,dòng
5,洞,dòng
5,动画片,dònghuàpiàn
5,逗,dòu
5,豆腐,dòufu
5,独立,dúlì
5,独特,dútè
5,度过,dùguò
5,短信,duǎnxìn
5,堆,duī
5,对比,duìbǐ
5,对待,duìdài
5,对方,duìfāng
5,对手,duìshǒu
5,对象,duìxiàng
5,对于,duìyú
5,吨,dūn
5,蹲,dūn
5,多亏,duōkuī
5,多余,duōyú
5,躲藏,duǒcáng
5,恶劣,èliè
5,发表,fābiǎo
5,发愁,fāchóu
5,发达,fādá
5,发抖,fādǒu
5,发挥,fāhuī
5,发明,fāmíng
5,发票,fāpiào
5,发言,fāyán
5,罚款,fákuǎn
5,法院,fǎyuàn
5,翻,fān
5,繁荣,fánróng
5,凡是,fánshì
5,反而,fǎn'ér
5,反复,fǎnfù
5,反应,fǎnyìng
5,反正,fǎnzhèng
5,方,fāng
5,方案,fāng'àn
5,方式,fāngshì
5,妨碍,fáng'ài
5,房东,fángdōng
5,仿佛,fǎngfú
5,放松,fàngsōng
5,非,fēi
5,肥皂,féizào
5,肺,fèi
5,废话,fèihuà
5,费用,fèiyong
5,分别,fēnbié
5,分布,fēnbù
5,分配,fēnpèi
5,分析,fēnxī
5,纷纷,fēnfēn
5,奋斗,fèndòu
5,愤怒,fènnù
5,风格,fēnggé
5,风俗,fēngsú
5,风险,fēngxiǎn
5,疯狂,fēngkuáng
5,讽刺,fěngcì
5,否定,fǒudìng
5,否认,fǒurèn
5,扶,fú
5,幅,fú
5,服从,fúcóng
5,服装,fúzhuāng
5,辅导,fǔdǎo
5,付款,fùkuǎn
5,妇女,fùnǚ
5,复制,fùzhì
5,改革,gǎigé
5,改进,gǎijìn
5,改善,gǎishàn
5,改正,gǎizhèng
5,盖,gài
5,概括,gàikuò
5,概念,gàiniàn
5,干脆,gāncuì
5,感激,gǎnjī
5,感受,gǎnshòu
5,感想,gǎnxiǎng
5,赶紧,gǎnjǐn
5,赶快,gǎnkuài
5,干活儿,gàn huór
5,钢铁,gāngtiě
5,高档,gāodàng
5,高速公路,gāosù gōnglù
5,搞,gǎo
5,告别,gàobié
5,胳膊,gēbo
5,鸽子,gēzi
5,隔壁,gébì
5,革命,gémìng
5,格外,géwài
5,个别,gèbié
5,个人,gèrén
5,个性,gèxìng
5,各自,gèzì
5,根,gēn
5,根本,gēnběn
5,更加,gèngjiā
5,公布,gōngbù
5,公开,gōngkāi
5,公平,gōngpíng
5,公寓,gōngyù
5,公元,gōngyuán
5,公主,gōngzhǔ
5,工厂,gōngchǎng
5,工程师,gōngchéngshī
5,工人,gōngrén
5,工业,gōngyè
5,功夫,gōngfu
5,功能,gōngnéng
5,贡献,gòngxiàn
5,沟通,gōutōng
5,构成,gòuchéng
5,姑姑,gūgu
5,姑娘,gūniang
5,古代,gǔdài
5,古典,gǔdiǎn
5,古老,gǔlǎo
5,鼓舞,gǔwǔ
5,股票,gǔpiào
5,骨头,gǔtou
5,固定,gùdìng
5,固体,gùtǐ
5,雇佣,gùyōng
5,挂号,guàhào
5,乖,guāi
5,拐弯,guǎiwān
5,怪不得,guàibude
5,官,guān
5,关闭,guānbì
5,关怀,guānhuái
5,观察,guānchá
5,观点,guāndiǎn
5,观念,guānniàn
5,管子,guǎnzi
5,冠军,guànjūn
5,罐头,guàntou
5,光滑,guānghuá
5,光临,guānglín
5,光明,guāngmíng
5,光盘,guāngpán
5,光荣,guāngróng
5,广场,guǎngchǎng
5,广大,guǎngdà
5,广泛,guǎngfàn
5,规矩,guīju
5,规律,guīlǜ
5,规模,guīmó
5,规则,guīzé
5,柜台,guìtái
5,滚,gǔn
5,锅,guō
5,国籍,guójí
5,国庆节,Guóqìngjié
5,果实,guǒshí
5,过分,guòfèn
5,过敏,guòmǐn
5,过期,guòqī
5,哈,hā
5,海关,hǎiguān
5,海鲜,hǎixiān
5,喊,hǎn
5,行业,hángyè
5,豪华,háohuá
5,好奇,hàoqí
5,和平,hépíng
5,何必,hébì
5,何况,hékuàng
5,合法,héfǎ
5,合理,hélǐ
5,合同,hétong
5,合影,héyǐng
5,合作,hézuò
5,核心,héxīn
5,恨,hèn
5,横,héng
5,后果,hòuguǒ
5,忽视,hūshì
5,呼吸,hūxī
5,壶,hú
5,蝴蝶,húdié
5,胡说,húshuō
5,胡同,hútòng
5,胡须,húxū
5,糊涂,hútu
5,花生,huāshēng
5,滑冰,huábīng
5,划船,huáchuán
5,华裔,huáyì
5,话题,huàtí
5,化学,huàxué
5,怀念,huáiniàn
5,缓解,huǎnjiě
5,幻想,huànxiǎng
5,慌张,huāngzhāng
5,黄瓜,huángguā
5,黄金,huángjīn
5,皇帝,huángdì
5,皇后,huánghòu
5,挥,huī
5,灰,huī
5,灰尘,huīchén
5,灰心,huīxīn
5,恢复,huīfù
5,汇率,huìlǜ
5,婚礼,hūnlǐ
5,婚姻,hūnyīn
5,活跃,huóyuè
5,火柴,huǒchái
5,伙伴,huǒbàn
5,基本,jīběn
5,机器,jīqì
5,激烈,jīliè
5,肌肉,jīròu
5,及格,jígé
5,集体,jítǐ
5,集中,jízhōng
5,急忙,jímáng
5,记录,jìlù
5,记忆,jìyì
5,计算,jìsuàn
5,系领带,jì lǐngdài
5,纪录,jìlù
5,纪律,jìlǜ
5,纪念,jìniàn
5,寂寞,jìmò
5,家庭,jiātíng
5,家务,jiāwù
5,家乡,jiāxiāng
5,嘉宾,jiābīn
5,夹子,jiāzi
5,甲,jiǎ
5,假如,jiǎrú
5,假装,jiǎzhuāng
5,嫁,jià
5,价值,jiàzhí
5,驾驶,jiàshǐ
5,煎,jiān
5,肩膀,jiānbǎng
5,坚决,jiānjué
5,坚强,jiānqiáng
5,艰巨,jiānjù
5,艰苦,jiānkǔ
5,尖锐,jiānruì
5,捡,jiǎn
5,简历,jiǎnlì
5,简直,jiǎnzhí
5,剪刀,jiǎndāo
5,健身房,jiànshēnfáng
5,建立,jiànlì
5,建设,jiànshè
5,建议,jiànyì
5,建筑,jiànzhù
5,键盘,jiànpán
5,讲究,jiǎngjiu
5,讲座,jiǎngzuò
5,降落,jiàngluò
5,酱油,jiàngyóu
5,浇,jiāo
5,交换,jiāohuàn
5,交际,jiāojì
5,郊区,jiāoqū
5,胶水,jiāoshuǐ
5,角度,jiǎodù
5,狡猾,jiǎohuá
5,教材,jiàocái
5,教练,jiàoliàn
5,教训,jiàoxùn
5,接触,jiēchù
5,接待,jiēdài
5,接近,jiējìn
5,接着,jiēzhe
5,阶段,jiēduàn
5,结实,jiēshi
5,节,jié
5,节省,jiéshěng
5,结构,jiégòu
5,结合,jiéhé
5,结论,jiélùn
5,结账,jiézhàng
5,解放,jiěfàng
5,解说员,jiěshuōyuán
5,届,jiè
5,借口,jièkǒu
5,戒烟,jièyān
5,戒指,jièzhi
5,金属,jīnshǔ
5,紧,jǐn
5,紧急,jǐnjí
5,谨慎,jǐnshèn
5,进步,jìnbù
5,进口,jìnkǒu
5,近代,jìndài
5,尽力,jìnlì
5,尽量,jìnliàng
5,精力,jīnglì
5,经典,jīngdiǎn
5,经营,jīngyíng
5,景色,jǐngsè
5,敬爱,jìng'ài
5,酒吧,jiǔbā
5,救,jiù
5,救护车,jiùhùchē
5,舅舅,jiùjiu
5,居然,jūrán
5,桔子,júzi
5,举,jǔ
5,具备,jùbèi
5,具体,jùtǐ
5,巨大,jùdà
5,聚会,jùhuì
5,俱乐部,jùlèbù
5,据说,jùshuō
5,捐,juān
5,卷,juǎn
5,决赛,juésài
5,决心,juéxīn
5,绝对,juéduì
5,角色,juésè
5,军事,jūnshì
5,均匀,jūnyún
5,卡车,kǎchē
5,开发,kāifā
5,开放,kāifàng
5,开幕式,kāimùshì
5,开心,kāixīn
5,砍,kǎn
5,看不起,kànbuqǐ
5,看来,kànlái
5,抗议,kàngyì
5,烤鸭,kǎoyā
5,颗,kē
5,可见,kějiàn
5,可靠,kěkào
5,可怕,kěpà
5,课程,kèchéng
5,克,kè
5,克服,kèfú
5,刻苦,kèkǔ
5,客观,kèguān
5,客厅,kètīng
5,空间,kōngjiān
5,恐怖,kǒngbù
5,空闲,kòngxián
5,控制,kòngzhì
5,口味,kǒuwèi
5,夸,kuā
5,会计,kuàijì
5,矿泉水,kuàngquánshuǐ
5,辣椒,làjiāo
5,蜡烛,làzhú
5,来自,láizì
5,拦,lán
5,烂,làn
5,狼,láng
5,劳动,láodòng
5,劳驾,láojià
5,老百姓,lǎobǎixìng
5,老板,lǎobǎn
5,老实,lǎoshi
5,老鼠,lǎoshǔ
5,姥姥,lǎolao
5,乐观,lèguān
5,雷,léi
5,类,lèi
5,梨,lí
5,离婚,líhūn
5,厘米,límǐ
5,礼拜天,lǐbàitiān
5,理论,lǐlùn
5,理由,lǐyóu
5,粒,lì
5,立方,lìfāng
5,立即,lìjí
5,立刻,lìkè
5,力量,lìliàng
5,利润,lìrùn
5,利息,lìxī
5,利益,lìyì
5,利用,lìyòng
5,连忙,liánmáng
5,连续剧,liánxùjù
5,联合,liánhé
5,恋爱,liàn'ài
5,良好,liánghǎo
5,粮食,liángshi
5,了不起,liǎobuqǐ
5,临时,línshí
5,铃,líng
5,零件,língjiàn
5,零钱,língqián
5,零食,língshí
5,灵活,línghuó
5,领导,lǐngdǎo
5,领域,lǐngyù
5,流传,liúchuán
5,浏览,liúlǎn
5,龙,lóng
5,漏,lòu
5,露,lù
5,陆地,lùdì
5,陆续,lùxù
5,录取,lùqǔ
5,录音,lùyīn
5,轮流,lúnliú
5,论文,lùnwén
5,逻辑,luóji
5,落后,luòhòu
5,骂,mà
5,麦克风,màikèfēng
5,馒头,mántou
5,满足,mǎnzú
5,毛,máo
5,毛病,máobìng
5,矛盾,máodùn
5,冒险,màoxiǎn
5,贸易,màoyì
5,眉毛,méimao
5,煤炭,méitàn
5,美术,měishù
5,魅力,mèilì
5,迷路,mílù
5,谜语,míyǔ
5,蜜蜂,mìfēng
5,密切,mìqiè
5,秘密,mìmì
5,秘书,mìshū
5,棉花,miánhua
5,面对,miànduì
5,面积,miànjī
5,面临,miànlín
5,苗条,miáotiao
5,描写,miáoxiě
5,秒,miǎo
5,民主,mínzhǔ
5,明确,míngquè
5,明显,míngxiǎn
5,明信片,míngxìnpiàn
5,明星,míngxīng
5,名牌,míngpái
5,名片,míngpiàn
5,名胜古迹,míngshèng gǔjì
5,命令,mìnglìng
5,命运,mìngyùn
5,摸,mō
5,模仿,mófǎng
5,模糊,móhu
5,摩托车,mótuōchē
5,陌生,mòshēng
5,某,mǒu
5,目标,mùbiāo
5,目录,mùlù
5,目前,mùqián
5,木头,mùtou
5,哪怕,nǎpà
5,难怪,nánguài
5,难看,nánkàn
5,脑袋,nǎodai
5,内科,nèikē
5,嫩,nèn
5,能干,nénggàn
5,能源,néngyuán
5,年代,niándài
5,年纪,niánjì
5,念,niàn
5,宁可,nìngkě
5,牛仔裤,niúzǎikù
5,浓,nóng
5,农民,nóngmín
5,农业,nóngyè
5,女士,nǚshì
5,偶然,ǒurán
5,拍,pāi
5,排队,páiduì
5,排球,páiqiú
5,派,pài
5,盼望,pànwàng
5,赔偿,péicháng
5,培养,péiyǎng
5,佩服,pèifu
5,配合,pèihé
5,盆,pén
5,碰见,pèngjiàn
5,披,pī
5,批,pī
5,批准,pīzhǔn
5,皮鞋,píxié
5,疲劳,píláo
5,匹,pǐ
5,片,piàn
5,片面,piànmiàn
5,飘,piāo
5,频道,píndào
5,品种,pǐnzhǒng
5,凭,píng
5,平,píng
5,平常,píngcháng
5,平等,píngděng
5,平方,píngfāng
5,平衡,pínghéng
5,平静,píngjìng
5,平均,píngjūn
5,评价,píngjià
5,破产,pòchǎn
5,破坏,pòhuài
5,迫切,pòqiè
5,朴素,pǔsù
5,期待,qīdài
5,期间,qījiān
5,其余,qíyú
5,奇迹,qíjì
5,启发,qǐfā
5,企图,qǐtú
5,企业,qǐyè
5,气氛,qìfēn
5,汽油,qìyóu
5,牵,qiān
5,谦虚,qiānxū
5,签字,qiānzì
5,前途,qiántú
5,浅,qiǎn
5,欠,qiàn
5,枪,qiāng
5,强调,qiángdiào
5,强烈,qiángliè
5,抢,qiǎng
5,悄悄,qiāoqiāo
5,瞧,qiáo
5,巧妙,qiǎomiào
5,切,qiē
5,亲爱,qīn'ài
5,亲切,qīnqiè
5,亲自,qīnzì
5,侵略,qīnlüè
5,勤奋,qínfèn
5,勤劳,qínláo
5,青,qīng
5,青春,qīngchūn
5,青少年,qīngshàonián
5,轻视,qīngshì
5,清淡,qīngdàn
5,情景,qíngjǐng
5,情绪,qíngxù
5,请求,qǐngqiú
5,庆祝,qìngzhù
5,球迷,qiúmí
5,趋势,qūshì
5,娶,qǔ
5,取消,qǔxiāo
5,去世,qùshì
5,圈,quān
5,全面,quánmiàn
5,权力,quánlì
5,权利,quánlì
5,劝,quàn
5,缺乏,quēfá
5,确定,quèdìng
5,确认,quèrèn
5,燃烧,ránshāo
5,嚷,rǎng
5,绕,rào
5,热爱,rè'ài
5,热烈,rèliè
5,热心,rèxīn
5,人才,réncái
5,人口,rénkǒu
5,人类,rénlèi
5,人生,rénshēng
5,人事,rénshì
5,人物,rénwù
5,人员,rényuán
5,忍不住,rěnbuzhù
5,日常,rìcháng
5,日程,rìchéng
5,日历,rìlì
5,日期,rìqī
5,日用品,rìyòngpǐn
5,融化,rónghuà
5,荣幸,róngxìng
5,荣誉,róngyù
5,如何,rúhé
5,如今,rújīn
5,软件,ruǎnjiàn
5,弱,ruò
5,洒,sǎ
5,嗓子,sǎngzi
5,杀,shā
5,沙漠,shāmò
5,沙滩,shātān
5,傻,shǎ
5,晒,shài
5,删除,shānchú
5,闪电,shǎndiàn
5,善良,shànliáng
5,善于,shànyú
5,扇子,shànzi
5,商品,shāngpǐn
5,商业,shāngyè
5,上当,shàngdàng
5,勺子,sháozi
5,蛇,shé
5,舌头,shétou
5,舍不得,shěbude
5,设备,shèbèi
5,设计,shèjì
5,设施,shèshī
5,射击,shèjī
5,摄影,shèyǐng
5,伸,shēn
5,深刻,shēnkè
5,身材,shēncái
5,身份,shēnfèn
5,神话,shénhuà
5,神经,shénjīng
5,神秘,shénmì
5,升,shēng
5,生产,shēngchǎn
5,生动,shēngdòng
5,声调,shēngdiào
5,绳子,shéngzi
5,省略,shěnglüè
5,胜利,shènglì
5,诗,shī
5,失眠,shīmián
5,失去,shīqù
5,失业,shīyè
5,时代,shídài
5,时刻,shíkè
5,时髦,shímáo
5,时期,shíqī
5,时尚,shíshàng
5,实话,shíhuà
5,实践,shíjiàn
5,实习,shíxí
5,实现,shíxiàn
5,实行,shíxíng
5,实验,shíyàn
5,实用,shíyòng
5,食物,shíwù
5,石头,shítou
5,使劲儿,shǐjìnr
5,始终,shǐzhōng
5,是否,shìfǒu
5,试卷,shìjuàn
5,士兵,shìbīng
5,似的,shìde
5,事实,shìshí
5,事物,shìwù
5,事先,shìxiān
5,收获,shōuhuò
5,收据,shōujù
5,手工,shǒugōng
5,手术,shǒushù
5,手套,shǒutào
5,手续,shǒuxù
5,手指,shǒuzhǐ
5,受伤,shòushāng
5,寿命,shòumìng
5,书架,shūjià
5,输入,shūrù
5,蔬菜,shūcài
5,舒适,shūshì
5,梳子,shūzi
5,熟练,shúliàn
5,鼠标,shǔbiāo
5,属于,shǔyú
5,数据,shùjù
5,数码,shùmǎ
5,摔,shuāi
5,甩,shuǎi
5,双方,shuāngfāng
5,税,shuì
5,说不定,shuōbudìng
5,说服,shuōfú
5,撕,sī
5,丝绸,sīchóu
5,丝毫,sīháo
5,思考,sīkǎo
5,思想,sīxiǎng
5,私人,sīrén
5,似乎,sìhū
5,寺庙,sìmiào
5,宿舍,sùshè
5,随时,suíshí
5,碎,suì
5,损失,sǔnshī
5,缩短,suōduǎn
5,缩小,suōxiǎo
5,锁,suǒ
5,所,suǒ
5,所谓,suǒwèi
5,塔,tǎ
5,台阶,táijiē
5,太极拳,tàijíquán
5,太太,tàitai
5,谈判,tánpàn
5,坦率,tǎnshuài
5,烫,tàng
5,桃,táo
5,逃,táo
5,逃避,táobì
5,套,tào
5,特殊,tèshū
5,特意,tèyì
5,特征,tèzhēng
5,疼爱,téng'ài
5,提,tí
5,提倡,tíchàng
5,提纲,tígāng
5,提问,tíwèn
5,题目,tímù
5,体会,tǐhuì
5,体积,tǐjī
5,体贴,tǐtiē
5,体现,tǐxiàn
5,体验,tǐyàn
5,天空,tiānkōng
5,天真,tiānzhēn
5,田野,tiányě
5,调皮,tiáopí
5,调整,tiáozhěng
5,挑战,tiǎozhàn
5,通常,tōngcháng
5,通讯,tōngxùn
5,铜,tóng
5,同时,tóngshí
5,统一,tǒngyī
5,统治,tǒngzhì
5,痛苦,tòngkǔ
5,痛快,tòngkuài
5,投资,tóuzī
5,透明,tòumíng
5,突出,tūchū
5,土地,tǔdì
5,土豆,tǔdòu
5,吐,tù
5,兔子,tùzi
5,团,tuán
5,推辞,tuīcí
5,推广,tuīguǎng
5,推荐,tuījiàn
5,退,tuì
5,退步,tuìbù
5,退休,tuìxiū
5,歪,wāi
5,外交,wàijiāo
5,弯,wān
5,完美,wánměi
5,完善,wánshàn
5,完整,wánzhěng
5,玩具,wánjù
5,万一,wànyī
5,王子,wángzǐ
5,往返,wǎngfǎn
5,危害,wēihài
5,微笑,wēixiào
5,威胁,wēixié
5,违反,wéifǎn
5,维护,wéihù
5,围巾,wéijīn
5,围绕,wéirào
5,唯一,wéiyī
5,尾巴,wěiba
5,伟大,wěidà
5,委屈,wěiqu
5,委托,wěituō
5,胃,wèi
5,位置,wèizhì
5,未必,wèibì
5,未来,wèilái
5,卫生间,wèishēngjiān
5,温暖,wēnnuǎn
5,温柔,wēnróu
5,闻,wén
5,文件,wénjiàn
5,文具,wénjù
5,文明,wénmíng
5,文学,wénxué
5,吻,wěn
5,稳定,wěndìng
5,问候,wènhòu
5,卧室,wòshì
5,屋子,wūzi
5,无奈,wúnài
5,无数,wúshù
5,武器,wǔqì
5,武术,wǔshù
5,雾,wù
5,物理,wùlǐ
5,物质,wùzhì
5,吸收,xīshōu
5,系,xì
5,系统,xìtǒng
5,细节,xìjié
5,戏剧,xìjù
5,瞎,xiā
5,吓,xià
5,下载,xiàzài
5,鲜艳,xiānyàn
5,显得,xiǎnde
5,显然,xiǎnrán
5,显示,xiǎnshì
5,县,xiàn
5,现金,xiànjīn
5,现实,xiànshí
5,现象,xiànxiàng
5,相处,xiāngchǔ
5,相当,xiāngdāng
5,相对,xiāngduì
5,相关,xiāngguān
5,相似,xiāngsì
5,想念,xiǎngniàn
5,想象,xiǎngxiàng
5,享受,xiǎngshòu
5,项,xiàng
5,项链,xiàngliàn
5,项目,xiàngmù
5,橡皮,xiàngpí
5,象棋,xiàngqí
5,象征,xiàngzhēng
5,消费,xiāofèi
5,消化,xiāohuà
5,消灭,xiāomiè
5,消失,xiāoshī
5,销售,xiāoshòu
5,小吃,xiǎochī
5,小伙子,xiǎohuǒzi
5,小麦,xiǎomài
5,小气,xiǎoqi
5,小偷,xiǎotōu
5,效率,xiàolǜ
5,孝顺,xiàoshun
5,歇,xiē
5,斜,xié
5,协调,xiétiáo
5,心理,xīnlǐ
5,心脏,xīnzàng
5,欣赏,xīnshǎng
5,信封,xìnfēng
5,信号,xìnhào
5,信息,xìnxī
5,行动,xíngdòng
5,行人,xíngrén
5,行为,xíngwéi
5,形成,xíngchéng
5,形容,xíngróng
5,形式,xíngshì
5,形势,xíngshì
5,形象,xíngxiàng
5,形状,xíngzhuàng
5,性质,xìngzhì
5,幸亏,xìngkuī
5,幸运,xìngyùn
5,胸,xiōng
5,兄弟,xiōngdì
5,雄伟,xióngwěi
5,修改,xiūgǎi
5,休闲,xiūxián
5,虚心,xūxīn
5,叙述,xùshù
5,宣布,xuānbù
5,宣传,xuānchuán
5,选举,xuǎnjǔ
5,学期,xuéqī
5,学术,xuéshù
5,学问,xuéwen
5,询问,xúnwèn
5,寻找,xúnzhǎo
5,训练,xùnliàn
5,迅速,xùnsù
5,延长,yáncháng
5,严肃,yánsù
5,宴会,yànhuì
5,阳台,yángtái
5,痒,yǎng
5,样式,yàngshì
5,腰,yāo
5,摇,yáo
5,咬,yǎo
5,要不,yàobù
5,要是,yàoshi
5,夜,yè
5,液体,yètǐ
5,业务,yèwù
5,业余,yèyú
5,依然,yīrán
5,一辈子,yíbèizi
5,一旦,yídàn
5,一路平安,yílù píng'ān
5,一致,yízhì
5,移动,yídòng
5,移民,yímín
5,遗憾,yíhàn
5,疑问,yíwèn
5,乙,yǐ
5,以及,yǐjí
5,以来,yǐlái
5,意外,yìwài
5,意义,yìyì
5,议论,yìlùn
5,义务,yìwù
5,因而,yīn'ér
5,因素,yīnsù
5,银,yín
5,英俊,yīngjùn
5,英雄,yīngxióng
5,迎接,yíngjiē
5,营养,yíngyǎng
5,营业,yíngyè
5,影子,yǐngzi
5,硬币,yìngbì
5,硬件,yìngjiàn
5,应付,yìngfu
5,应聘,yìngpìn
5,应用,yìngyòng
5,拥抱,yōngbào
5,拥挤,yōngjǐ
5,勇气,yǒngqì
5,用途,yòngtú
5,优惠,yōuhuì
5,优美,yōuměi
5,优势,yōushì
5,悠久,yōujiǔ
5,邮局,yóujú
5,游览,yóulǎn
5,犹豫,yóuyù
5,油炸,yóuzhá
5,有利,yǒulì
5,幼儿园,yòu'éryuán
5,娱乐,yúlè
5,与其,yǔqí
5,语气,yǔqì
5,宇宙,yǔzhòu
5,预报,yùbào
5,预订,yùdìng
5,预防,yùfáng
5,玉米,yùmǐ
5,元旦,Yuándàn
5,缘故,yuángù
5,原料,yuánliào
5,原则,yuánzé
5,愿望,yuànwàng
5,晕,yūn
5,运气,yùnqi
5,运输,yùnshū
5,运用,yùnyòng
5,灾害,zāihài
5,再三,zàisān
5,赞成,zànchéng
5,赞美,zànměi
5,糟糕,zāogāo
5,造成,zàochéng
5,则,zé
5,责备,zébèi
5,摘,zhāi
5,粘贴,zhāntiē
5,展开,zhǎnkāi
5,展览,zhǎnlǎn
5,占线,zhànxiàn
5,战争,zhànzhēng
5,涨,zhǎng
5,掌握,zhǎngwò
5,账户,zhànghù
5,招待,zhāodài
5,着凉,zháoliáng
5,召开,zhàokāi
5,照常,zhàocháng
5,哲学,zhéxué
5,真理,zhēnlǐ
5,真实,zhēnshí
5,针对,zhēnduì
5,珍惜,zhēnxī
5,诊断,zhěnduàn
5,枕头,zhěntou
5,阵,zhèn
5,振动,zhèndòng
5,睁,zhēng
5,争论,zhēnglùn
5,争取,zhēngqǔ
5,征求,zhēngqiú
5,整个,zhěnggè
5,整体,zhěngtǐ
5,正,zhèng
5,政策,zhèngcè
5,政府,zhèngfǔ
5,政治,zhèngzhì
5,证件,zhèngjiàn
5,证据,zhèngjù
5,挣钱,zhèngqián
5,支,zhī
5,支票,zhīpiào
5,直,zhí
5,值得,zhíde
5,执行,zhíxíng
5,执照,zhízhào
5,指导,zhǐdǎo
5,指挥,zhǐhuī
5,制定,zhìdìng
5,制度,zhìdù
5,制作,zhìzuò
5,智慧,zhìhuì
5,至今,zhìjīn
5,至于,zhìyú
5,治疗,zhìliáo
5,秩序,zhìxù
5,志愿者,zhìyuànzhě
5,钟,zhōng
5,中介,zhōngjiè
5,中心,zhōngxīn
5,中旬,zhōngxún
5,重,zhòng
5,重量,zhòngliàng
5,周到,zhōudào
5,逐步,zhúbù
5,竹子,zhúzi
5,煮,zhǔ
5,主持,zhǔchí
5,主观,zhǔguān
5,主人,zhǔrén
5,主席,zhǔxí
5,主张,zhǔzhāng
5,嘱咐,zhǔfù
5,祝福,zhùfú
5,注册,zhùcè
5,抓紧,zhuājǐn
5,专家,zhuānjiā
5,专心,zhuānxīn
5,转变,zhuǎnbiàn
5,转告,zhuǎngào
5,装,zhuāng
5,装饰,zhuāngshì
5,状况,zhuàngkuàng
5,状态,zhuàngtài
5,追求,zhuīqiú
5,资格,zīgé
5,资金,zījīn
5,资料,zīliào
5,资源,zīyuán
5,姿势,zīshì
5,咨询,zīxún
5,紫,zǐ
5,字幕,zìmù
5,自从,zìcóng
5,自动,zìdòng
5,自豪,zìháo
5,自觉,zìjué
5,自私,zìsī
5,自信,zìxìn
5,自由,zìyóu
5,自愿,zìyuàn
5,综合,zōnghé
5,宗教,zōngjiào
5,总裁,zǒngcái
5,总共,zǒnggòng
5,总理,zǒnglǐ
5,总算,zǒngsuàn
5,总统,zǒngtǒng
5,总之,zǒngzhī
5,组合,zǔhé
5,祖国,zǔguó
5,祖先,zǔxiān
5,阻止,zǔzhǐ
5,醉,zuì
5,最初,zuìchū
5,罪犯,zuìfàn
5,尊敬,zūnjìng
5,遵守,zūnshǒu
5,作品,zuòpǐn
5,作为,zuòwéi
5,作文,zuòwén
6,哎哟,āiyō
6,挨,ái
6,癌症,áizhèng
6,爱不释手,àibúshìshǒu
6,爱戴,àidài
6,暧昧,àimèi
6,安居乐业,ānjū-lèyè
6,安宁,ānníng
6,安详,ānxiáng
6,安置,ānzhì
6,暗示,ànshì
6,案件,ànjiàn
6,案例,ànlì
6,按摩,ànmó
6,昂贵,ángguì
6,凹凸,āotū
6,熬,áo
6,奥秘,àomì
6,扒,bā
6,疤,bā
6,巴不得,bābude
6,巴结,bājie
6,拔苗助长,bámiáo-zhùzhǎng
6,把关,bǎguān
6,把手,bǎshou
6,把戏,bǎxì
6,霸道,bàdào
6,罢工,bàgōng
6,掰,bāi
6,百分点,bǎifēndiǎn
6,摆脱,bǎituō
6,拜访,bàifǎng
6,拜年,bàinián
6,拜托,bàituō
6,败坏,bàihuài
6,颁布,bānbù
6,颁发,bānfā
6,斑纹,bānwén
6,版本,bǎnběn
6,半途而废,bàntú'érfèi
6,伴侣,bànlǚ
6,伴随,bànsuí
6,扮演,bànyǎn
6,绑架,bǎngjià
6,榜样,bǎngyàng
6,磅,bàng
6,包庇,bāobì
6,包袱,bāofu
6,包围,bāowéi
6,包装,bāozhuāng
6,饱和,bǎohé
6,饱经沧桑,bǎojīng-cāngsāng
6,保管,bǎoguǎn
6,保密,bǎomì
6,保姆,bǎomǔ
6,保守,bǎoshǒu
6,保卫,bǎowèi
6,保养,bǎoyǎng
6,保障,bǎozhàng
6,保重,bǎozhòng
6,抱负,bàofù
6,抱怨,bàoyuàn
6,报仇,bàochóu
6,报酬,bàochou
6,报答,bàodá
6,报到,bàodào
6,报复,bàofù
6,报社,bàoshè
6,报销,bàoxiāo
6,爆发,bàofā
6,爆炸,bàozhà
6,曝光,bàoguāng
6,暴力,bàolì
6,暴露,bàolù
6,悲哀,bēi'āi
6,悲惨,bēicǎn
6,卑鄙,bēibǐ
6,北极,běijí
6,被动,bèidòng
6,被告,bèigào
6,背叛,bèipàn
6,背诵,bèisòng
6,备份,bèifèn
6,备忘录,bèiwànglù
6,贝壳,bèiké
6,奔波,bēnbō
6,奔驰,bēnchí
6,本能,běnnéng
6,本钱,běnqián
6,本人,běnrén
6,本身,běnshēn
6,本事,běnshi
6,本着,běnzhe
6,笨拙,bènzhuō
6,崩溃,bēngkuì
6,甭,béng
6,蹦,bèng
6,迸发,bèngfā
6,逼迫,bīpò
6,鼻涕,bítì
6,比方,bǐfang
6,比喻,bǐyù
6,比重,bǐzhòng
6,臂,bì
6,弊病,bìbìng
6,弊端,bìduān
6,必定,bìdìng
6,闭塞,bìsè
6,碧玉,bìyù
6,鞭策,biāncè
6,编织,biānzhī
6,边疆,biānjiāng
6,边界,biānjiè
6,边境,biānjìng
6,边缘,biānyuán
6,扁,biǎn
6,贬低,biǎndī
6,贬义,biǎnyì
6,遍布,biànbù
6,便利,biànlì
6,便条,biàntiáo
6,便于,biànyú
6,变故,biàngù
6,变迁,biànqiān
6,变质,biànzhì
6,辩护,biànhù
6,辩解,biànjiě
6,辩证,biànzhèng
6,辨认,biànrèn
6,辫子,biànzi
6,标本,biāoběn
6,标记,biāojì
6,标题,biāotí
6,飙升,biāoshēng
6,表决,biǎojué
6,表态,biǎotài
6,表彰,biǎozhāng
6,憋,biē
6,别墅,biéshù
6,别致,biézhì
6,别扭,bièniu
6,濒临,bīnlín
6,冰雹,bīngbáo
6,并存,bìngcún
6,并非,bìngfēi
6,并列,bìngliè
6,拨打,bōdǎ
6,播放,bōfàng
6,播种,bōzhòng
6,波浪,bōlàng
6,波涛汹涌,bōtāo-xiōngyǒng
6,剥削,bōxuē
6,博大精深,bódà-jīngshēn
6,博览会,bólǎnhuì
6,搏斗,bódòu
6,伯母,bómǔ
6,薄弱,bóruò
6,不顾,búgù
6,不愧,búkuì
6,不料,búliào
6,不像话,bú xiànghuà
6,不屑一顾,búxiè-yígù
6,补偿,bǔcháng
6,补救,bǔjiù
6,补贴,bǔtiē
6,哺乳,bǔrǔ
6,捕捉,bǔzhuō
6,不得已,bùdéyǐ
6,不妨,bùfáng
6,不敢当,bùgǎndāng
6,不禁,bùjīn
6,不堪,bùkān
6,不可思议,bùkě-sīyì
6,不时,bùshí
6,不惜,bùxī
6,不相上下,bùxiāng-shàngxià
6,不言而喻,bùyán'éryù
6,不由得,bùyóude
6,不择手段,bùzé-shǒuduàn
6,不止,bùzhǐ
6,布告,bùgào
6,布局,bùjú
6,布置,bùzhì
6,步伐,bùfá
6,部署,bùshǔ
6,部位,bùwèi
6,才干,cáigàn
6,财富,cáifù
6,财务,cáiwù
6,财政,cáizhèng
6,裁缝,cáifeng
6,裁判,cáipàn
6,裁员,cáiyuán
6,采购,cǎigòu
6,采集,cǎijí
6,采纳,cǎinà
6,彩票,cǎipiào
6,参谋,cānmóu
6,参照,cānzhào
6,残酷,cánkù
6,残留,cánliú
6,残忍,cánrěn
6,灿烂,cànlàn
6,舱,cāng
6,苍白,cāngbái
6,仓促,cāngcù
6,仓库,cāngkù
6,操劳,cāoláo
6,操练,cāoliàn
6,操纵,cāozòng
6,操作,cāozuò
6,嘈杂,cáozá
6,草案,cǎo'àn
6,草率,cǎoshuài
6,策划,cèhuà
6,策略,cèlüè
6,测量,cèliáng
6,侧面,cèmiàn
6,层出不穷,céngchū-bùqióng
6,层次,céngcì
6,差距,chājù
6,查获,cháhuò
6,岔,chà
6,刹那,chànà
6,诧异,chàyì
6,柴油,cháiyóu
6,搀,chān
6,馋,chán
6,缠绕,chánrào
6,产业,chǎnyè
6,阐述,chǎnshù
6,颤抖,chàndǒu
6,猖狂,chāngkuáng
6,昌盛,chāngshèng
6,尝试,chángshì
6,偿还,chánghuán
6,常年,chángnián
6,常务,chángwù
6,场合,chǎnghé
6,场面,chǎngmiàn
6,场所,chǎngsuǒ
6,敞开,chǎngkāi
6,倡导,chàngdǎo
6,倡议,chàngyì
6,畅通,chàngtōng
6,畅销,chàngxiāo
6,超级,chāojí
6,超越,chāoyuè
6,钞票,chāopiào
6,潮流,cháoliú
6,潮湿,cháoshī
6,嘲笑,cháoxiào
6,撤退,chètuì
6,撤销,chèxiāo
6,沉淀,chéndiàn
6,沉闷,chénmèn
6,沉思,chénsī
6,沉重,chénzhòng
6,沉着,chénzhuó
6,陈旧,chénjiù
6,陈列,chénliè
6,陈述,chénshù
6,称心如意,chènxīn-rúyì
6,称号,chēnghào
6,盛,chéng
6,橙,chéng
6,乘务员,chéngwùyuán
6,承办,chéngbàn
6,承包,chéngbāo
6,承诺,chéngnuò
6,城堡,chéngbǎo
6,成本,chéngběn
6,成交,chéngjiāo
6,成天,chéngtiān
6,成效,chéngxiào
6,成心,chéngxīn
6,成员,chéngyuán
6,惩罚,chéngfá
6,诚挚,chéngzhì
6,澄清,chéngqīng
6,呈现,chéngxiàn
6,秤,chèng
6,吃苦,chīkǔ
6,吃力,chīlì
6,迟缓,chíhuǎn
6,迟疑,chíyí
6,持久,chíjiǔ
6,池塘,chítáng
6,赤道,chìdào
6,赤字,chìzì
6,冲动,chōngdòng
6,冲击,chōngjī
6,冲突,chōngtū
6,充当,chōngdāng
6,充沛,chōngpèi
6,充实,chōngshí
6,充足,chōngzú
6,崇拜,chóngbài
6,崇高,chónggāo
6,崇敬,chóngjìng
6,重叠,chóngdié
6,重阳节,Chóngyángjié
6,抽空,chōukòng
6,筹备,chóubèi
6,踌躇,chóuchú
6,稠密,chóumì
6,丑恶,chǒu'è
6,出路,chūlù
6,出卖,chūmài
6,出身,chūshēn
6,出神,chūshén
6,出息,chūxi
6,出洋相,chūyángxiàng
6,初步,chūbù
6,储备,chǔbèi
6,储存,chǔcún
6,储蓄,chǔxù
6,处分,chǔfèn
6,处境,chǔjìng
6,处置,chǔzhì
6,触犯,chùfàn
6,穿越,chuānyuè
6,川流不息,chuānliú-bùxī
6,船舶,chuánbó
6,传达,chuándá
6,传单,chuándān
6,传授,chuánshòu
6,喘气,chuǎnqì
6,串,chuàn
6,床单,chuángdān
6,创立,chuànglì
6,创新,chuàngxīn
6,创业,chuàngyè
6,创作,chuàngzuò
6,吹牛,chuīniú
6,吹捧,chuīpěng
6,锤,chuí
6,垂直,chuízhí
6,纯粹,chúncuì
6,纯洁,chúnjié
6,词汇,cíhuì
6,慈祥,cíxiáng
6,雌雄,cíxióng
6,刺,cì
6,次品,cìpǐn
6,次序,cìxù
6,伺候,cìhou
6,丛,cóng
6,从容不迫,cóngróng-búpò
6,凑合,còuhe
6,粗鲁,cūlǔ
6,窜,cuàn
6,摧残,cuīcán
6,脆弱,cuìruò
6,搓,cuō
6,磋商,cuōshāng
6,挫折,cuòzhé
6,搭,dā
6,搭档,dādàng
6,搭配,dāpèi
6,答辩,dábiàn
6,答复,dáfù
6,达成,dáchéng
6,打包,dǎbāo
6,打官司,dǎ guānsi
6,打击,dǎjī
6,打架,dǎjià
6,打量,dǎliang
6,打猎,dǎliè
6,打仗,dǎzhàng
6,大不了,dàbuliǎo
6,大臣,dàchén
6,大伙儿,dàhuǒr
6,大家,dàjiā
6,大厦,dàshà
6,大肆,dàsì
6,大体,dàtǐ
6,大意,dàyi
6,大致,dàzhì
6,歹徒,dǎitú
6,带领,dàilǐng
6,代价,dàijià
6,代理,dàilǐ
6,逮捕,dàibǔ
6,怠慢,dàimàn
6,担保,dānbǎo
6,胆怯,dǎnqiè
6,淡季,dànjì
6,淡水,dànshuǐ
6,蛋白质,dànbáizhì
6,诞辰,dànchén
6,诞生,dànshēng
6,当场,dāngchǎng
6,当初,dāngchū
6,当面,dāngmiàn
6,当前,dāngqián
6,当事人,dāngshìrén
6,当务之急,dāngwùzhījí
6,当心,dāngxīn
6,当选,dāngxuǎn
6,党,dǎng
6,档案,dàng'àn
6,档次,dàngcì
6,岛屿,dǎoyǔ
6,倒闭,dǎobì
6,导弹,dǎodàn
6,导航,dǎoháng
6,导向,dǎoxiàng
6,捣乱,dǎoluàn
6,稻谷,dàogǔ
6,盗窃,dàoqiè
6,得不偿失,débùchángshī
6,得力,délì
6,得天独厚,détiān-dúhòu
6,得罪,dézuì
6,蹬,dēng
6,灯笼,dēnglong
6,登陆,dēnglù
6,登录,dēnglù
6,等级,děngjí
6,瞪,dèng
6,堤坝,dībà
6,敌视,díshì
6,抵达,dǐdá
6,抵抗,dǐkàng
6,抵制,dǐzhì
6,递增,dìzēng
6,地步,dìbù
6,地势,dìshì
6,地质,dìzhì
6,颠簸,diānbǒ
6,颠倒,diāndǎo
6,点缀,diǎnzhuì
6,典礼,diǎnlǐ
6,典型,diǎnxíng
6,垫,diàn
6,电源,diànyuán
6,奠定,diàndìng
6,惦记,diànjì
6,叼,diāo
6,雕刻,diāokè
6,雕塑,diāosù
6,吊,diào
6,调动,diàodòng
6,跌,diē
6,盯,dīng
6,叮嘱,dīngzhǔ
6,定期,dìngqī
6,定义,dìngyì
6,丢人,diūrén
6,丢三落四,diūsān-làsì
6,东道主,dōngdàozhǔ
6,东张西望,dōngzhāng-xīwàng
6,董事长,dǒngshìzhǎng
6,栋,dòng
6,冻结,dòngjié
6,洞穴,dòngxué
6,动荡,dòngdàng
6,动机,dòngjī
6,动静,dòngjing
6,动力,dònglì
6,动脉,dòngmài
6,动身,dòngshēn
6,动手,dòngshǒu
6,动态,dòngtài
6,动员,dòngyuán
6,兜,dōu
6,陡峭,dǒuqiào
6,斗争,dòuzhēng
6,督促,dūcù
6,都市,dūshì
6,独裁,dúcái
6,毒品,dúpǐn
6,赌博,dǔbó
6,堵塞,dǔsè
6,杜绝,dùjué
6,端,duān
6,端午节,Duānwǔjié
6,端正,duānzhèng
6,短促,duǎncù
6,断定,duàndìng
6,断断续续,duànduàn-xùxù
6,断绝,duànjué
6,堆积,duījī
6,对策,duìcè
6,对称,duìchèn
6,对付,duìfu
6,对抗,duìkàng
6,对立,duìlì
6,对联,duìlián
6,对应,duìyìng
6,对照,duìzhào
6,兑换,duìhuàn
6,兑现,duìxiàn
6,队伍,duìwu
6,顿时,dùnshí
6,多元化,duōyuánhuà
6,哆嗦,duōsuo
6,堕落,duòluò
6,额外,éwài
6,恶心,ěxin
6,恶化,èhuà
6,遏制,èzhì
6,恩怨,ēnyuàn
6,而已,éryǐ
6,耳环,ěrhuán
6,二氧化碳,èryǎnghuàtàn
6,发布,fābù
6,发财,fācái
6,发呆,fādāi
6,发动,fādòng
6,发火,fāhuǒ
6,发觉,fājué
6,发射,fāshè
6,发誓,fāshì
6,发行,fāxíng
6,发炎,fāyán
6,发扬,fāyáng
6,发育,fāyù
6,法人,fǎrén
6,番,fān
6,繁华,fánhuá
6,繁忙,fánmáng
6,繁体字,fántǐzì
6,繁殖,fánzhí
6,反驳,fǎnbó
6,反常,fǎncháng
6,反倒,fǎndào
6,反动,fǎndòng
6,反感,fǎngǎn
6,反抗,fǎnkàng
6,反馈,fǎnkuì
6,反面,fǎnmiàn
6,反射,fǎnshè
6,反思,fǎnsī
6,反问,fǎnwèn
6,反之,fǎnzhī
6,范畴,fànchóu
6,泛滥,fànlàn
6,贩卖,fànmài
6,方位,fāngwèi
6,方言,fāngyán
6,方针,fāngzhēn
6,防守,fángshǒu
6,防疫,fángyì
6,防御,fángyù
6,防止,fángzhǐ
6,防治,fángzhì
6,纺织,fǎngzhī
6,放大,fàngdà
6,放射,fàngshè
6,放手,fàngshǒu
6,非法,fēifǎ
6,飞禽走兽,fēiqín-zǒushòu
6,飞翔,fēixiáng
6,飞跃,fēiyuè
6,肥沃,féiwò
6,诽谤,fěibàng
6,匪徒,fěitú
6,废除,fèichú
6,废墟,fèixū
6,沸腾,fèiténg
6,分辨,fēnbiàn
6,分寸,fēncun
6,分红,fēnhóng
6,分解,fēnjiě
6,分裂,fēnliè
6,分泌,fēnmì
6,分明,fēnmíng
6,分歧,fēnqí
6,分散,fēnsàn
6,分手,fēnshǒu
6,吩咐,fēnfù
6,坟墓,fénmù
6,粉末,fěnmò
6,粉色,fěnsè
6,粉碎,fěnsuì
6,分量,fènliàng
6,风暴,fēngbào
6,风度,fēngdù
6,风光,fēngguāng
6,风气,fēngqì
6,风趣,fēngqù
6,风土人情,fēngtǔ-rénqíng
6,风味,fēngwèi
6,封闭,fēngbì
6,封建,fēngjiàn
6,封锁,fēngsuǒ
6,丰满,fēngmǎn
6,丰盛,fēngshèng
6,丰收,fēngshōu
6,锋利,fēnglì
6,逢,féng
6,奉献,fèngxiàn
6,否决,fǒujué
6,夫妇,fūfù
6,夫人,fūrén
6,敷衍,fūyǎn
6,幅度,fúdù
6,服气,fúqì
6,符号,fúhào
6,福利,fúlì
6,福气,fúqi
6,俘虏,fúlǔ
6,辐射,fúshè
6,腐败,fǔbài
6,腐烂,fǔlàn
6,腐蚀,fǔshí
6,腐朽,fǔxiǔ
6,辅助,fǔzhù
6,抚养,fǔyǎng
6,俯仰,fǔyǎng
6,富裕,fùyù
6,副,fù
6,副作用,fùzuòyòng
6,负担,fùdān
6,覆盖,fùgài
6,附和,fùhè
6,附件,fùjiàn
6,附属,fùshǔ
6,复活,fùhuó
6,复兴,fùxīng
6,腹泻,fùxiè
6,赋予,fùyǔ
6,改良,gǎiliáng
6,盖章,gàizhāng
6,干旱,gānhàn
6,干扰,gānrǎo
6,干涉,gānshè
6,干预,gānyù
6,尴尬,gāngà
6,甘心,gānxīn
6,感慨,gǎnkǎi
6,感染,gǎnrǎn
6,干劲,gànjìn
6,纲领,gānglǐng
6,港口,gǎngkǒu
6,港湾,gǎngwān
6,岗位,gǎngwèi
6,杠杆,gànggǎn
6,高超,gāochāo
6,高潮,gāocháo
6,高峰,gāofēng
6,高考,gāokǎo
6,高明,gāomíng
6,高尚,gāoshàng
6,高涨,gāozhǎng
6,稿件,gǎojiàn
6,告辞,gàocí
6,告诫,gàojiè
6,割,gē
6,搁,gē
6,疙瘩,gēda
6,歌颂,gēsòng
6,隔阂,géhé
6,隔离,gélí
6,格局,géjú
6,格式,géshi
6,个体,gètǐ
6,各抒己见,gèshūjǐjiàn
6,根深蒂固,gēnshēn-dìgù
6,根源,gēnyuán
6,跟前,gēnqián
6,跟随,gēnsuí
6,跟踪,gēnzōng
6,耕地,gēngdì
6,更新,gēngxīn
6,更正,gēngzhèng
6,公安局,gōng'ānjú
6,公道,gōngdao
6,公告,gōnggào
6,公关,gōngguān
6,公民,gōngmín
6,公婆,gōngpó
6,公然,gōngrán
6,公认,gōngrèn
6,公式,gōngshì
6,公务,gōngwù
6,公正,gōngzhèng
6,公证,gōngzhèng
6,供不应求,gōngbúyìngqiú
6,供给,gōngjǐ
6,工夫,gōngfu
6,工艺品,gōngyìpǐn
6,宫殿,gōngdiàn
6,功课,gōngkè
6,功劳,gōngláo
6,功效,gōngxiào
6,攻击,gōngjī
6,攻克,gōngkè
6,恭敬,gōngjìng
6,巩固,gǒnggù
6,共和国,gònghéguó
6,共计,gòngjì
6,共鸣,gòngmíng
6,勾结,gōujié
6,钩子,gōuzi
6,构思,gòusī
6,孤独,gūdú
6,孤立,gūlì
6,辜负,gūfù
6,姑且,gūqiě
6,古董,gǔdǒng
6,古怪,gǔguài
6,股东,gǔdōng
6,股份,gǔfèn
6,鼓动,gǔdòng
6,骨干,gǔgàn
6,固然,gùrán
6,固有,gùyǒu
6,固执,gùzhi
6,顾虑,gùlǜ
6,顾问,gùwèn
6,故乡,gùxiāng
6,故障,gùzhàng
6,拐杖,guǎizhàng
6,关照,guānzhào
6,官方,guānfāng
6,观光,guānguāng
6,管辖,guǎnxiá
6,罐,guàn
6,贯彻,guànchè
6,灌溉,guàngài
6,惯例,guànlì
6,光彩,guāngcǎi
6,光辉,guānghuī
6,光芒,guāngmáng
6,广阔,guǎngkuò
6,规范,guīfàn
6,规格,guīgé
6,规划,guīhuà
6,规章,guīzhāng
6,归根到底,guīgēn-dàodǐ
6,归还,guīhuán
6,归纳,guīnà
6,轨道,guǐdào
6,跪,guì
6,贵族,guìzú
6,棍棒,gùnbàng
6,国防,guófáng
6,国务院,guówùyuàn
6,果断,guǒduàn
6,过度,guòdù
6,过渡,guòdù
6,过奖,guòjiǎng
6,过滤,guòlǜ
6,过失,guòshī
6,过问,guòwèn
6,过瘾,guòyǐn
6,过于,guòyú
6,嗨,hāi
6,还是,háishi
6,海拔,hǎibá
6,海滨,hǎibīn
6,含糊,hánhu
6,含义,hányì
6,寒暄,hánxuān
6,罕见,hǎnjiàn
6,捍卫,hànwèi
6,航空,hángkōng
6,航天,hángtiān
6,航行,hángxíng
6,行列,hángliè
6,豪迈,háomài
6,毫米,háomǐ
6,毫无,háowú
6,号召,hàozhào
6,耗费,hàofèi
6,好客,hàokè
6,呵,hē
6,和蔼,hé'ǎi
6,和解,héjiě
6,和睦,hémù
6,和气,héqi
6,和谐,héxié
6,合并,hébìng
6,合成,héchéng
6,合乎,héhū
6,合伙,héhuǒ
6,合身,héshēn
6,合算,hésuàn
6,嘿,hēi
6,痕迹,hénjì
6,狠心,hěnxīn
6,恨不得,hènbude
6,哼,hēng
6,哄,hōng
6,烘,hōng
6,轰动,hōngdòng
6,红包,hóngbāo
6,宏观,hóngguān
6,宏伟,hóngwěi
6,洪水,hóngshuǐ
6,喉咙,hóulóng
6,吼,hǒu
6,后代,hòudài
6,后顾之忧,hòugùzhīyōu
6,后勤,hòuqín
6,候选,hòuxuǎn
6,忽略,hūlüè
6,呼啸,hūxiào
6,呼吁,hūyù
6,胡乱,húluàn
6,湖泊,húpō
6,互联网,hùliánwǎng
6,花瓣,huābàn
6,华丽,huálì
6,华侨,huáqiáo
6,画蛇添足,huàshé-tiānzú
6,化肥,huàféi
6,化石,huàshí
6,化验,huàyàn
6,化妆,huàzhuāng
6,划分,huàfēn
6,话筒,huàtǒng
6,怀孕,huáiyùn
6,欢乐,huānlè
6,还原,huányuán
6,环节,huánjié
6,缓和,huǎnhé
6,患者,huànzhě
6,荒凉,huāngliáng
6,荒谬,huāngmiù
6,荒唐,huāngtáng
6,慌忙,huāngmáng
6,黄昏,huánghūn
6,恍然大悟,huǎngrán-dàwù
6,挥霍,huīhuò
6,辉煌,huīhuáng
6,回报,huíbào
6,回避,huíbì
6,回顾,huígù
6,回收,huíshōu
6,悔恨,huǐhèn
6,毁灭,huǐmiè
6,会晤,huìwù
6,汇报,huìbào
6,贿赂,huìlù
6,昏迷,hūnmí
6,浑身,húnshēn
6,混合,hùnhé
6,混乱,hùnluàn
6,混淆,hùnxiáo
6,混浊,hùnzhuó
6,活该,huógāi
6,活力,huólì
6,火箭,huǒjiàn
6,火焰,huǒyàn
6,火药,huǒyào
6,货币,huòbì
6,或许,huòxǔ
6,基地,jīdì
6,基金,jījīn
6,基因,jīyīn
6,机动,jīdòng
6,机构,jīgòu
6,机关,jīguān
6,机灵,jīling
6,机密,jīmì
6,机械,jīxiè
6,机遇,jīyù
6,机智,jīzhì
6,激发,jīfā
6,激励,jīlì
6,激情,jīqíng
6,饥饿,jī'è
6,讥笑,jīxiào
6,极端,jíduān
6,极限,jíxiàn
6,即便,jíbiàn
6,即将,jíjiāng
6,级别,jíbié
6,疾病,jíbìng
6,嫉妒,jídù
6,及早,jízǎo
6,急功近利,jígōng-jìnlì
6,急剧,jíjù
6,急切,jíqiè
6,急于求成,jíyúqiúchéng
6,急躁,jízào
6,籍贯,jíguàn
6,集团,jítuán
6,吉祥,jíxiáng
6,给予,jǐyǔ
6,寄托,jìtuō
6,继承,jìchéng
6,继往开来,jìwǎng-kāilái
6,记性,jìxing
6,记载,jìzǎi
6,季度,jìdù
6,季军,jìjūn
6,计较,jìjiào
6,忌讳,jìhuì
6,寂静,jìjìng
6,纪要,jìyào
6,技能,jìnéng
6,技巧,jìqiǎo
6,迹象,jìxiàng
6,家常,jiācháng
6,家伙,jiāhuo
6,家属,jiāshǔ
6,家喻户晓,jiāyù-hùxiǎo
6,加工,jiāgōng
6,加剧,jiājù
6,佳肴,jiāyáo
6,夹杂,jiāzá
6,假设,jiǎshè
6,假使,jiǎshǐ
6,坚定,jiāndìng
6,坚固,jiāngù
6,坚韧,jiānrèn
6,坚实,jiānshí
6,坚硬,jiānyìng
6,监督,jiāndū
6,监视,jiānshì
6,监狱,jiānyù
6,尖端,jiānduān
6,艰难,jiānnán
6,兼职,jiānzhí
6,拣,jiǎn
6,剪彩,jiǎncǎi
6,检讨,jiǎntǎo
6,检验,jiǎnyàn
6,简化,jiǎnhuà
6,简陋,jiǎnlòu
6,简体字,jiǎntǐzì
6,简要,jiǎnyào
6,溅,jiàn
6,鉴别,jiànbié
6,鉴定,jiàndìng
6,鉴于,jiànyú
6,间谍,jiàndié
6,间隔,jiàngé
6,间接,jiànjiē
6,见多识广,jiànduō-shíguǎng
6,见解,jiànjiě
6,见闻,jiànwén
6,见义勇为,jiànyì-yǒngwéi
6,健全,jiànquán
6,践踏,jiàntà
6,舰艇,jiàntǐng
6,将近,jiāngjìn
6,将军,jiāngjūn
6,僵硬,jiāngyìng
6,桨,jiǎng
6,奖励,jiǎnglì
6,奖赏,jiǎngshǎng
6,降临,jiànglín
6,交叉,jiāochā
6,交代,jiāodài
6,交涉,jiāoshè
6,交往,jiāowǎng
6,交易,jiāoyì
6,焦点,jiāodiǎn
6,焦急,jiāojí
6,娇气,jiāoqì
6,角落,jiǎoluò
6,搅拌,jiǎobàn
6,缴纳,jiǎonà
6,教养,jiàoyǎng
6,较量,jiàoliàng
6,皆,jiē
6,接连,jiēlián
6,阶层,jiēcéng
6,揭发,jiēfā
6,揭露,jiēlù
6,节奏,jiézòu
6,杰出,jiéchū
6,结晶,jiéjīng
6,结局,jiéjú
6,结算,jiésuàn
6,竭尽全力,jiéjìnquánlì
6,截至,jiézhì
6,解除,jiěchú
6,解雇,jiěgù
6,解剖,jiěpōu
6,解散,jiěsàn
6,解体,jiětǐ
6,借鉴,jièjiàn
6,借助,jièzhù
6,戒备,jièbèi
6,界限,jièxiàn
6,津津有味,jīnjīn-yǒuwèi
6,金融,jīnróng
6,紧密,jǐnmì
6,紧迫,jǐnpò
6,尽快,jǐnkuài
6,尽量,jǐnliàng
6,锦绣前程,jǐnxiù-qiánchéng
6,进而,jìn'ér
6,进攻,jìngōng
6,进化,jìnhuà
6,进展,jìnzhǎn
6,近来,jìnlái
6,近视,jìnshì
6,浸泡,jìnpào
6,晋升,jìnshēng
6,劲头,jìntóu
6,茎,jīng
6,精打细算,jīngdǎ-xìsuàn
6,精华,jīnghuá
6,精简,jīngjiǎn
6,精密,jīngmì
6,精确,jīngquè
6,精通,jīngtōng
6,精心,jīngxīn
6,精益求精,jīngyìqiújīng
6,精致,jīngzhì
6,经费,jīngfèi
6,经商,jīngshāng
6,经纬,jīngwěi
6,惊动,jīngdòng
6,惊奇,jīngqí
6,惊讶,jīngyà
6,兢兢业业,jīngjīng-yèyè
6,井,jǐng
6,警告,jǐnggào
6,警惕,jǐngtì
6,颈椎,jǐngzhuī
6,敬礼,jìnglǐ
6,境界,jìngjiè
6,竞赛,jìngsài
6,竞选,jìngxuǎn
6,镜头,jìngtóu
6,纠纷,jiūfēn
6,纠正,jiūzhèng
6,酒精,jiǔjīng
6,救济,jiùjì
6,就近,jiùjìn
6,就业,jiùyè
6,就职,jiùzhí
6,鞠躬,jūgōng
6,拘留,jūliú
6,拘束,jūshù
6,居住,jūzhù
6,局部,júbù
6,局面,júmiàn
6,局势,júshì
6,局限,júxiàn
6,举动,jǔdòng
6,举世闻名,jǔshì-wénmíng
6,举世瞩目,jǔshì-zhǔmù
6,举足轻重,jǔzú-qīngzhòng
6,咀嚼,jǔjué
6,沮丧,jǔsàng
6,剧本,jùběn
6,剧烈,jùliè
6,聚精会神,jùjīng-huìshén
6,据悉,jùxī
6,决策,juécè
6,觉悟,juéwù
6,觉醒,juéxǐng
6,绝望,juéwàng
6,军队,jūnduì
6,卡通,kǎtōng
6,开采,kāicǎi
6,开除,kāichú
6,开阔,kāikuò
6,开朗,kāilǎng
6,开明,kāimíng
6,开辟,kāipì
6,开水,kāishuǐ
6,开拓,kāituò
6,开展,kāizhǎn
6,开支,kāizhī
6,刊登,kāndēng
6,刊物,kānwù
6,勘探,kāntàn
6,看待,kàndài
6,看望,kànwàng
6,慷慨,kāngkǎi
6,扛,káng
6,考察,kǎochá
6,考古,kǎogǔ
6,考核,kǎohé
6,考验,kǎoyàn
6,靠拢,kàolǒng
6,磕,kē
6,颗粒,kēlì
6,科目,kēmù
6,渴望,kěwàng
6,可观,kěguān
6,可口,kěkǒu
6,可恶,kěwù
6,可笑,kěxiào
6,可行,kěxíng
6,刻不容缓,kèbùrónghuǎn
6,课题,kètí
6,客户,kèhù
6,啃,kěn
6,恳切,kěnqiè
6,坑,kēng
6,空洞,kōngdòng
6,空前绝后,kōngqián-juéhòu
6,空想,kōngxiǎng
6,空虚,kōngxū
6,孔,kǒng
6,恐吓,kǒnghè
6,恐惧,kǒngjù
6,空白,kòngbái
6,空隙,kòngxì
6,口气,kǒuqì
6,口腔,kǒuqiāng
6,口头,kǒutóu
6,口音,kǒuyīn
6,枯竭,kūjié
6,枯燥,kūzào
6,苦尽甘来,kǔjìn-gānlái
6,挎,kuà
6,跨,kuà
6,快活,kuàihuo
6,宽敞,kuānchang
6,款待,kuǎndài
6,款式,kuǎnshì
6,筐,kuāng
6,旷课,kuàngkè
6,框架,kuàngjià
6,况且,kuàngqiě
6,亏待,kuīdài
6,亏损,kuīsǔn
6,昆虫,kūnchóng
6,捆绑,kǔnbǎng
6,扩充,kuòchōng
6,扩散,kuòsàn
6,扩张,kuòzhāng
6,喇叭,lǎba
6,啦,la
6,来历,láilì
6,来源,láiyuán
6,栏目,lánmù
6,懒惰,lǎnduò
6,狼狈,lángbèi
6,朗读,lǎngdú
6,捞,lāo
6,唠叨,láodao
6,牢固,láogù
6,牢骚,láosāo
6,乐趣,lèqù
6,乐意,lèyì
6,雷达,léidá
6,类似,lèisì
6,冷淡,lěngdàn
6,冷酷,lěngkù
6,冷却,lěngquè
6,愣,lèng
6,黎明,límíng
6,里程碑,lǐchéngbēi
6,礼节,lǐjié
6,理睬,lǐcǎi
6,理所当然,lǐsuǒdāngrán
6,理直气壮,lǐzhí-qìzhuàng
6,理智,lǐzhì
6,立场,lìchǎng
6,立交桥,lìjiāoqiáo
6,立体,lìtǐ
6,立足,lìzú
6,历代,lìdài
6,历来,lìlái
6,利害,lìhài
6,利率,lìlǜ
6,力所能及,lìsuǒnéngjí
6,力图,lìtú
6,力争,lìzhēng
6,例外,lìwài
6,连年,liánnián
6,连锁,liánsuǒ
6,连同,liántóng
6,联欢,liánhuān
6,联络,liánluò
6,联盟,liánméng
6,联想,liánxiǎng
6,廉洁,liánjié
6,良心,liángxīn
6,晾,liàng
6,谅解,liàngjiě
6,辽阔,liáokuò
6,列举,lièjǔ
6,淋,lín
6,临床,línchuáng
6,吝啬,lìnsè
6,零星,língxīng
6,凌晨,língchén
6,灵感,línggǎn
6,灵魂,línghún
6,灵敏,língmǐn
6,伶俐,línglì
6,领会,lǐnghuì
6,领事馆,lǐngshìguǎn
6,领土,lǐngtǔ
6,领悟,lǐngwù
6,领先,lǐngxiān
6,领袖,lǐngxiù
6,溜,liū
6,留恋,liúliàn
6,留念,liúniàn
6,留神,liúshén
6,流浪,liúlàng
6,流露,liúlù
6,流氓,liúmáng
6,流通,liútōng
6,聋哑,lóngyǎ
6,隆重,lóngzhòng
6,垄断,lǒngduàn
6,笼罩,lǒngzhào
6,搂,lǒu
6,炉灶,lúzào
6,轮船,lúnchuán
6,轮廓,lúnkuò
6,轮胎,lúntāi
6,论坛,lùntán
6,论证,lùnzhèng
6,啰唆,luōsuo
6,螺丝钉,luósīdīng
6,落成,luòchéng
6,落实,luòshí
6,络绎不绝,luòyì-bùjué
6,屡次,lǚcì
6,履行,lǚxíng
6,掠夺,lüèduó
6,略微,lüèwēi
6,麻痹,mábì
6,麻木,mámù
6,麻醉,mázuì
6,码头,mǎtóu
6,嘛,ma
6,埋伏,máifú
6,埋没,máimò
6,埋葬,máizàng
6,迈,mài
6,脉搏,màibó
6,埋怨,mányuàn
6,慢性,mànxìng
6,漫长,màncháng
6,漫画,mànhuà
6,蔓延,mànyán
6,忙碌,mánglù
6,茫茫,mángmáng
6,茫然,mángrán
6,盲目,mángmù
6,冒充,màochōng
6,茂盛,màoshèng
6,枚,méi
6,没辙,méizhé
6,媒介,méijiè
6,媒体,méitǐ
6,美观,měiguān
6,美满,měimǎn
6,美妙,měimiào
6,门诊,ménzhěn
6,蒙,méng
6,萌芽,méngyá
6,猛烈,měngliè
6,梦想,mèngxiǎng
6,眯,mī
6,弥补,míbǔ
6,弥漫,mímàn
6,迷惑,míhuò
6,迷人,mírén
6,迷失,míshī
6,迷信,míxìn
6,密度,mìdù
6,密封,mìfēng
6,免得,miǎnde
6,免疫,miǎnyì
6,勉励,miǎnlì
6,勉强,miǎnqiǎng
6,面貌,miànmào
6,面子,miànzi
6,描绘,miáohuì
6,渺小,miǎoxiǎo
6,蔑视,mièshì
6,灭亡,mièwáng
6,民间,mínjiān
6,民用,mínyòng
6,敏感,mǐngǎn
6,敏捷,mǐnjié
6,敏锐,mǐnruì
6,明明,míngmíng
6,名次,míngcì
6,名额,míng'é
6,名副其实,míngfùqíshí
6,名誉,míngyù
6,命名,mìngmíng
6,摸索,mōsuǒ
6,膜,mó
6,摩擦,mócā
6,磨合,móhé
6,模范,mófàn
6,模式,móshì
6,模型,móxíng
6,魔鬼,móguǐ
6,魔术,móshù
6,抹杀,mǒshā
6,莫名其妙,mòmíng-qímiào
6,默默,mòmò
6,墨水儿,mòshuǐr
6,谋求,móuqiú
6,模样,múyàng
6,母语,mǔyǔ
6,目睹,mùdǔ
6,目光,mùguāng
6,沐浴,mùyù
6,拿手,náshǒu
6,纳闷儿,nàmènr
6,耐用,nàiyòng
6,难得,nándé
6,难堪,nánkān
6,难免,nánmiǎn
6,难能可贵,nánnéng-kěguì
6,恼火,nǎohuǒ
6,内涵,nèihán
6,内幕,nèimù
6,内在,nèizài
6,能量,néngliàng
6,嗯,g
6,拟定,nǐdìng
6,年度,niándù
6,捏,niē
6,拧,níng
6,凝固,nínggù
6,凝聚,níngjù
6,凝视,níngshì
6,宁肯,nìngkěn
6,宁愿,nìngyuàn
6,牛奶Ō,niúnǎi
6,纽扣儿,niǔkòur
6,扭转,niǔzhuǎn
6,浓厚,nónghòu
6,农历,nónglì
6,奴隶,núlì
6,挪,nuó
6,虐待,nüèdài
6,哦,ò
6,殴打,ōudǎ
6,欧洲,uzhōu
6,呕吐,ǒutù
6,趴,pā
6,排斥,páichì
6,排除,páichú
6,排放,páifàng
6,徘徊,páihuái
6,派别,pàibié
6,派遣,pàiqiǎn
6,攀登,pāndēng
6,盘旋,pánxuán
6,畔,pàn
6,判决,pànjué
6,庞大,pángdà
6,抛弃,pāoqì
6,泡沫,pàomò
6,培训,péixùn
6,培育,péiyù
6,配备,pèibèi
6,配偶,pèi'ǒu
6,配套,pèitào
6,盆地,péndì
6,烹饪,pēngrèn
6,捧,pěng
6,劈,pī
6,批发,pīfā
6,批判,pīpàn
6,疲惫,píbèi
6,疲倦,píjuàn
6,皮革,pígé
6,屁股,pìgu
6,譬如,pìrú
6,偏差,piānchā
6,偏见,piānjiàn
6,偏僻,piānpì
6,偏偏,piānpiān
6,片断,piànduàn
6,片刻,piànkè
6,飘扬,piāoyáng
6,漂浮,piāofú
6,拼搏,pīnbó
6,拼命,pīnmìng
6,频繁,pínfán
6,频率,pínlǜ
6,贫乏,pínfá
6,贫困,pínkùn
6,品尝,pǐncháng
6,品德,pǐndé
6,品行,pǐnxíng
6,品质,pǐnzhì
6,平凡,píngfán
6,平面,píngmiàn
6,平坦,píngtǎn
6,平行,píngxíng
6,平原,píngyuán
6,评估,pínggū
6,评论,pínglùn
6,屏障,píngzhàng
6,坡,pō
6,泼,pō
6,颇,pō
6,破例,pòlì
6,迫不及待,pòbùjídài
6,迫害,pòhài
6,魄力,pòlì
6,扑,pū
6,铺,pū
6,普及,pǔjí
6,朴实,pǔshí
6,瀑布,pùbù
6,期望,qīwàng
6,期限,qīxiàn
6,欺负,qīfu
6,欺骗,qīpiàn
6,凄凉,qīliáng
6,奇妙,qímiào
6,旗袍,qípáo
6,旗帜,qízhì
6,齐全,qíquán
6,齐心协力,qíxīn-xiélì
6,歧视,qíshì
6,起草,qǐcǎo
6,起初,qǐchū
6,起伏,qǐfú
6,起哄,qǐhòng
6,起码,qǐmǎ
6,起义,qǐyì
6,起源,qǐyuán
6,启程,qǐchéng
6,启示,qǐshì
6,启事,qǐshì
6,乞丐,qǐgài
6,岂有此理,qǐyǒu-cǐlǐ
6,器材,qìcái
6,器官,qìguān
6,气概,qìgài
6,气功,qìgōng
6,气魄,qìpò
6,气色,qìsè
6,气势,qìshì
6,气味,qìwèi
6,气象,qìxiàng
6,气压,qìyā
6,迄今为止,qìjīn-wéizhǐ
6,掐,qiā
6,恰当,qiàdàng
6,恰到好处,qiàdàohǎochù
6,恰巧,qiàqiǎo
6,洽谈,qiàtán
6,牵扯,qiānchě
6,牵制,qiānzhì
6,千方百计,qiānfāng-bǎijì
6,签订,qiāndìng
6,签署,qiānshǔ
6,迁就,qiānjiù
6,迁徙,qiānxǐ
6,谦逊,qiānxùn
6,前景,qiánjǐng
6,前提,qiántí
6,潜力,qiánlì
6,潜水,qiánshuǐ
6,潜移默化,qiányí-mòhuà
6,谴责,qiǎnzé
6,强制,qiángzhì
6,抢劫,qiǎngjié
6,抢救,qiǎngjiù
6,强迫,qiǎngpò
6,桥梁,qiáoliáng
6,翘,qiào
6,锲而不舍,qiè'érbùshě
6,切实,qièshí
6,亲热,qīnrè
6,亲身,qīnshēn
6,侵犯,qīnfàn
6,钦佩,qīnpèi
6,勤俭,qínjiǎn
6,勤恳,qínkěn
6,氢,qīng
6,轻而易举,qīng'éryìjǔ
6,清澈,qīngchè
6,清晨,qīngchén
6,清除,qīngchú
6,清洁,qīngjié
6,清理,qīnglǐ
6,清晰,qīngxī
6,清醒,qīngxǐng
6,清真,qīngzhēn
6,倾听,qīngtīng
6,倾向,qīngxiàng
6,倾斜,qīngxié
6,晴朗,qínglǎng
6,情报,qíngbào
6,情节,qíngjié
6,情理,qínglǐ
6,情形,qíngxíng
6,请柬,qǐngjiǎn
6,请教,qǐngjiào
6,请示,qǐngshì
6,请帖,qǐngtiě
6,丘陵,qiūlíng
6,区分,qūfēn
6,区域,qūyù
6,屈服,qūfú
6,曲折,qūzhé
6,驱逐,qūzhú
6,渠道,qúdào
6,取缔,qǔdì
6,曲子,qǔzi
6,趣味,qùwèi
6,圈套,quāntào
6,全局,quánjú
6,全力以赴,quánlìyǐfù
6,权衡,quánhéng
6,权威,quánwēi
6,权益,quányì
6,拳头,quántou
6,犬,quǎn
6,缺口,quēkǒu
6,缺席,quēxí
6,缺陷,quēxiàn
6,瘸,qué
6,确保,quèbǎo
6,确立,quèlì
6,确切,quèqiè
6,确信,quèxìn
6,群众,qúnzhòng
6,染,rǎn
6,让步,ràngbù
6,饶恕,ráoshù
6,扰乱,rǎoluàn
6,惹祸,rěhuò
6,热泪盈眶,rèlèi-yíngkuàng
6,热门,rèmén
6,人道,réndào
6,人格,réngé
6,人工,réngōng
6,人家,rénjia
6,人间,rénjiān
6,人士,rénshì
6,人为,rénwéi
6,人性,rénxìng
6,人质,rénzhì
6,仁慈,réncí
6,忍耐,rěnnài
6,忍受,rěnshòu
6,认定,rèndìng
6,认可,rènkě
6,任命,rènmìng
6,任性,rènxìng
6,任意,rènyì
6,任重道远,rènzhòng-dàoyuǎn
6,仍旧,réngjiù
6,日新月异,rìxīn-yuèyì
6,日益,rìyì
6,融洽,róngqià
6,溶解,róngjiě
6,容貌,róngmào
6,容纳,róngnà
6,容器,róngqì
6,容忍,róngrěn
6,揉,róu
6,柔和,róuhé
6,弱点,ruòdiǎn
6,若干,ruògān
6,撒谎,sāhuǎng
6,腮,sāi
6,三角,sānjiǎo
6,散文,sǎnwén
6,散布,sànbù
6,散发,sànfā
6,丧失,sàngshī
6,嫂子,sǎozi
6,色彩,sècǎi
6,刹车,shāchē
6,啥,shá
6,筛选,shāixuǎn
6,山脉,shānmài
6,闪烁,shǎnshuò
6,擅长,shàncháng
6,擅自,shànzì
6,商标,shāngbiāo
6,伤脑筋,shāngnǎojīn
6,上级,shàngjí
6,上进心,shàngjìnxīn
6,上任,shàngrèn
6,上瘾,shàngyǐn
6,上游,shàngyóu
6,捎,shāo
6,梢,shāo
6,哨,shào
6,奢侈,shēchǐ
6,设立,shèlì
6,设想,shèxiǎng
6,设置,shèzhì
6,社区,shèqū
6,涉及,shèjí
6,摄取,shèqǔ
6,摄氏度,shèshìdù
6,深奥,shēn'ào
6,深沉,shēnchén
6,深情厚谊,shēnqíng-hòuyì
6,申报,shēnbào
6,绅士,shēnshì
6,呻吟,shēnyín
6,神奇,shénqí
6,神气,shénqì
6,神情,shénqíng
6,神色,shénsè
6,神圣,shénshèng
6,神态,shéntài
6,神仙,shénxiān
6,审查,shěnchá
6,审理,shěnlǐ
6,审美,shěnměi
6,审判,shěnpàn
6,渗透,shèntòu
6,慎重,shènzhòng
6,生存,shēngcún
6,生机,shēngjī
6,生理,shēnglǐ
6,生疏,shēngshū
6,生态,shēngtài
6,生物,shēngwù
6,生效,shēngxiào
6,生锈,shēngxiù
6,生育,shēngyù
6,牲畜,shēngchù
6,声明,shēngmíng
6,声势,shēngshì
6,声誉,shēngyù
6,省会,shěnghuì
6,盛产,shèngchǎn
6,盛开,shèngkāi
6,盛情,shèngqíng
6,盛行,shèngxíng
6,胜负,shèngfù
6,失误,shīwù
6,失踪,shīzōng
6,师范,shīfàn
6,施加,shījiā
6,施展,shīzhǎn
6,尸体,shītǐ
6,拾,shí
6,十足,shízú
6,识别,shíbié
6,时差,shíchā
6,时常,shícháng
6,时而,shí'ér
6,时光,shíguāng
6,时机,shíjī
6,时事,shíshì
6,时装,shízhuāng
6,实惠,shíhuì
6,实力,shílì
6,实施,shíshī
6,实事求是,shíshì-qiúshì
6,实质,shízhì
6,石油,shíyóu
6,使命,shǐmìng
6,是非,shìfēi
6,试图,shìtú
6,试验,shìyàn
6,势必,shìbì
6,势力,shìlì
6,世代,shìdài
6,世界观,shìjièguān
6,示范,shìfàn
6,示威,shìwēi
6,示意,shìyì
6,释放,shìfàng
6,事故,shìgù
6,事迹,shìjì
6,事件,shìjiàn
6,事态,shìtài
6,事务,shìwù
6,事项,shìxiàng
6,事业,shìyè
6,适宜,shìyí
6,视力,shìlì
6,视线,shìxiàn
6,视野,shìyě
6,逝世,shìshì
6,收藏,shōucáng
6,收缩,shōusuō
6,收益,shōuyì
6,收音机,shōuyīnjī
6,手法,shǒufǎ
6,手势,shǒushì
6,手艺,shǒuyì
6,首要,shǒuyào
6,守护,shǒuhù
6,受罪,shòuzuì
6,授予,shòuyǔ
6,书法,shūfǎ
6,书籍,shūjí
6,书记,shūjì
6,书面,shūmiàn
6,舒畅,shūchàng
6,疏忽,shūhu
6,数,shǔ
6,竖,shù
6,束,shù
6,束缚,shùfù
6,树立,shùlì
6,数额,shù'é
6,数目,shùmù
6,耍,shuǎ
6,衰老,shuāilǎo
6,衰退,shuāituì
6,率领,shuàilǐng
6,涮火锅,shuàn huǒguō
6,双胞胎,shuāngbāotāi
6,爽快,shuǎngkuài
6,水利,shuǐlì
6,水龙头,shuǐlóngtóu
6,水泥,shuǐní
6,司法,sīfǎ
6,司令,sīlìng
6,思念,sīniàn
6,思索,sīsuǒ
6,思维,sīwéi
6,思绪,sīxù
6,私自,sīzì
6,斯文,sīwen
6,死亡,sǐwáng
6,四肢,sìzhī
6,肆无忌惮,sìwújìdàn
6,饲养,sìyǎng
6,耸,sǒng
6,艘,sōu
6,搜索,sōusuǒ
6,苏醒,sūxǐng
6,俗话,súhuà
6,塑造,sùzào
6,素食主义,sùshí zhǔyì
6,素质,sùzhì
6,诉讼,sùsòng
6,算了,suànle
6,算数,suànshù
6,随即,suíjí
6,随身,suíshēn
6,随手,suíshǒu
6,随意,suíyì
6,岁月,suìyuè
6,隧道,suìdào
6,损坏,sǔnhuài
6,索赔,suǒpéi
6,索性,suǒxìng
6,塌,tā
6,踏实,tāshi
6,台风,táifēng
6,太空,tàikōng
6,泰斗,tàidǒu
6,瘫痪,tānhuàn
6,贪婪,tānlán
6,贪污,tānwū
6,摊儿,tānr
6,弹性,tánxìng
6,坦白,tǎnbái
6,探测,tàncè
6,探索,tànsuǒ
6,探讨,tàntǎo
6,探望,tànwàng
6,叹气,tànqì
6,糖葫芦,tánghúlu
6,倘若,tǎngruò
6,掏,tāo
6,滔滔不绝,tāotāo-bùjué
6,陶瓷,táocí
6,淘气,táoqì
6,淘汰,táotài
6,讨价还价,tǎojià-huánjià
6,特长,tècháng
6,特定,tèdìng
6,特色,tèsè
6,提拔,tíbá
6,提炼,tíliàn
6,提示,tíshì
6,提议,tíyì
6,题材,tícái
6,体谅,tǐliàng
6,体面,tǐmiàn
6,体系,tǐxì
6,天才,tiāncái
6,天伦之乐,tiānlúnzhīlè
6,天然气,tiānránqì
6,天生,tiānshēng
6,天堂,tiāntáng
6,天文,tiānwén
6,田径,tiánjìng
6,舔,tiǎn
6,挑剔,tiāoti
6,条款,tiáokuǎn
6,条理,tiáolǐ
6,条约,tiáoyuē
6,调和,tiáohé
6,调剂,tiáojì
6,调节,tiáojié
6,调解,tiáojiě
6,调料,tiáoliào
6,挑拨,tiǎobō
6,挑衅,tiǎoxìn
6,跳跃,tiàoyuè
6,停泊,tíngbó
6,停顿,tíngdùn
6,停滞,tíngzhì
6,亭子,tíngzi
6,挺拔,tǐngbá
6,通货膨胀,tōnghuò péngzhàng
6,通俗,tōngsú
6,通用,tōngyòng
6,铜矿,tóngkuàng
6,同胞,tóngbāo
6,同志,tóngzhì
6,童话,tónghuà
6,统筹兼顾,tǒngchóu-jiāngù
6,统计,tǒngjì
6,统统,tǒngtǒng
6,投机,tóujī
6,投票,tóupiào
6,投降,tóuxiáng
6,投掷,tóuzhì
6,秃,tū
6,突破,tūpò
6,图案,tú'àn
6,徒弟,túdì
6,途径,tújìng
6,涂抹,túmǒ
6,土壤,tǔrǎng
6,团结,tuánjié
6,团体,tuántǐ
6,团圆,tuányuán
6,推测,tuīcè
6,推翻,tuīfān
6,推理,tuīlǐ
6,推论,tuīlùn
6,推销,tuīxiāo
6,吞咽,tūnyàn
6,脱离,tuōlí
6,拖延,tuōyán
6,托运,tuōyùn
6,妥当,tuǒdang
6,妥善,tuǒshàn
6,妥协,tuǒxié
6,椭圆,tuǒyuán
6,唾沫,tuòmo
6,挖掘,wājué
6,娃娃,wáwa
6,瓦解,wǎjiě
6,哇,wa
6,歪曲,wāiqū
6,外表,wàibiǎo
6,外行,wàiháng
6,外界,wàijiè
6,外向,wàixiàng
6,丸,wán
6,完备,wánbèi
6,完毕,wánbì
6,玩弄,wánnòng
6,玩意儿,wányìr
6,顽固,wángù
6,顽强,wánqiáng
6,挽回,wǎnhuí
6,挽救,wǎnjiù
6,惋惜,wǎnxī
6,万分,wànfēn
6,往常,wǎngcháng
6,往事,wǎngshì
6,网络,wǎngluò
6,妄想,wàngxiǎng
6,微不足道,wēibùzúdào
6,微观,wēiguān
6,威风,wēifēng
6,威力,wēilì
6,威望,wēiwàng
6,威信,wēixìn
6,危机,wēijī
6,违背,wéibèi
6,维持,wéichí
6,维生素,wéishēngsù
6,维修,wéixiū
6,唯独,wéidú
6,为难,wéinán
6,为期,wéiqī
6,为首,wéishǒu
6,委员,wěiyuán
6,伪造,wěizào
6,胃口,wèikǒu
6,位于,wèiyú
6,未免,wèimiǎn
6,畏惧,wèijù
6,卫星,wèixīng
6,慰问,wèiwèn
6,温带,wēndài
6,温和,wēnhé
6,文凭,wénpíng
6,文物,wénwù
6,文献,wénxiàn
6,文雅,wényǎ
6,文艺,wényì
6,问世,wènshì
6,窝,wō
6,乌黑,wūhēi
6,污蔑,wūmiè
6,诬陷,wūxiàn
6,无比,wúbǐ
6,无偿,wúcháng
6,无耻,wúchǐ
6,无从,wúcóng
6,无动于衷,wúdòngyúzhōng
6,无非,wúfēi
6,无精打采,wújīng-dǎcǎi
6,无可奉告,wúkěfènggào
6,无可奈何,wúkěnàihé
6,无赖,wúlài
6,无理取闹,wúlǐ-qǔnào
6,无能为力,wúnéng-wéilì
6,无穷无尽,wúqióng-wújìn
6,无微不至,wúwēibúzhì
6,无忧无虑,wúyōu-wúlǜ
6,无知,wúzhī
6,舞蹈,wǔdǎo
6,武侠,wǔxiá
6,武装,wǔzhuāng
6,侮辱,wǔrǔ
6,勿,wù
6,务必,wùbì
6,务实,wùshí
6,误差,wùchā
6,误解,wùjiě
6,物美价廉,wùměi-jiàlián
6,物资,wùzī
6,溪,xī
6,膝盖,xīgài
6,熄灭,xīmiè
6,吸取,xīqǔ
6,昔日,xīrì
6,牺牲,xīshēng
6,夕阳,xīyáng
6,媳妇,xífu
6,习俗,xísú
6,袭击,xíjī
6,喜闻乐见,xǐwén-lèjiàn
6,喜悦,xǐyuè
6,系列,xìliè
6,细胞,xìbāo
6,细菌,xìjūn
6,细致,xìzhì
6,霞,xiá
6,狭隘,xiá'ài
6,狭窄,xiázhǎi
6,峡谷,xiágǔ
6,夏令营,xiàlìngyíng
6,下属,xiàshǔ
6,先进,xiānjìn
6,先前,xiānqián
6,鲜明,xiānmíng
6,掀起,xiānqǐ
6,纤维,xiānwéi
6,弦,xián
6,嫌,xián
6,嫌疑,xiányí
6,闲话,xiánhuà
6,贤惠,xiánhuì
6,衔接,xiánjiē
6,显著,xiǎnzhù
6,现场,xiànchǎng
6,现成,xiànchéng
6,现状,xiànzhuàng
6,宪法,xiànfǎ
6,陷害,xiànhài
6,陷入,xiànrù
6,馅儿,xiànr
6,线索,xiànsuǒ
6,相差,xiāngchà
6,相等,xiāngděng
6,相辅相成,xiāngfǔ-xiāngchéng
6,相应,xiāngyìng
6,镶嵌,xiāngqiàn
6,乡镇,xiāngzhèn
6,想方设法,xiǎngfāng-shèfǎ
6,响亮,xiǎngliàng
6,响应,xiǎngyìng
6,巷,xiàng
6,向导,xiàngdǎo
6,向来,xiànglái
6,向往,xiàngwǎng
6,消除,xiāochú
6,消毒,xiāodú
6,消防,xiāofáng
6,消耗,xiāohào
6,消极,xiāojí
6,销毁,xiāohuǐ
6,小心翼翼,xiǎoxīn-yìyì
6,效益,xiàoyì
6,肖像,xiàoxiàng
6,携带,xiédài
6,协会,xiéhuì
6,协商,xiéshāng
6,协议,xiéyì
6,协助,xiézhù
6,写作,xiězuò
6,屑,xiè
6,谢绝,xièjué
6,泄露,xièlòu
6,泄气,xièqì
6,新陈代谢,xīnchén-dàixiè
6,新郎,xīnláng
6,新娘,xīnniáng
6,新颖,xīnyǐng
6,心得,xīndé
6,心灵,xīnlíng
6,心态,xīntài
6,心疼,xīnténg
6,心血,xīnxuè
6,心眼儿,xīnyǎnr
6,辛勤,xīnqín
6,欣慰,xīnwèi
6,欣欣向荣,xīnxīn-xiàngróng
6,薪水,xīnshui
6,信赖,xìnlài
6,信念,xìnniàn
6,信仰,xìnyǎng
6,信誉,xìnyù
6,腥,xīng
6,兴隆,xīnglóng
6,兴旺,xīngwàng
6,行政,xíngzhèng
6,形态,xíngtài
6,刑事,xíngshì
6,性感,xìnggǎn
6,性命,xìngmìng
6,性能,xìngnéng
6,性情,xìngqíng
6,幸好,xìnghǎo
6,兴高采烈,xìnggāo-cǎiliè
6,兴致勃勃,xìngzhì-bóbó
6,胸怀,xiōnghuái
6,胸膛,xiōngtáng
6,凶恶,xiōng'è
6,凶手,xiōngshǒu
6,雄厚,xiónghòu
6,修复,xiūfù
6,修建,xiūjiàn
6,修理,xiūlǐ
6,羞耻,xiūchǐ
6,休养,xiūyǎng
6,绣,xiù
6,嗅觉,xiùjué
6,虚假,xūjiǎ
6,虚荣,xūróng
6,虚伪,xūwěi
6,需求,xūqiú
6,须知,xūzhī
6,许可,xǔkě
6,酗酒,xùjiǔ
6,畜牧,xùmù
6,序言,xùyán
6,宣誓,xuānshì
6,宣扬,xuānyáng
6,悬挂,xuánguà
6,悬念,xuánniàn
6,悬崖峭壁,xuányá-qiàobì
6,旋律,xuánlǜ
6,旋转,xuánzhuǎn
6,选拔,xuǎnbá
6,选手,xuǎnshǒu
6,削弱,xuēruò
6,学历,xuélì
6,学说,xuéshuō
6,学位,xuéwèi
6,雪上加霜,xuěshàng-jiāshuāng
6,血压,xuèyā
6,熏陶,xūntáo
6,循环,xúnhuán
6,循序渐进,xúnxù-jiànjìn
6,巡逻,xúnluó
6,寻觅,xúnmì
6,押金,yājīn
6,压迫,yāpò
6,压岁钱,yāsuìqián
6,压缩,yāsuō
6,压抑,yāyì
6,压榨,yāzhà
6,压制,yāzhì
6,亚军,yàjūn
6,烟花爆竹,yānhuā bàozhú
6,淹没,yānmò
6,延期,yánqī
6,延伸,yánshēn
6,延续,yánxù
6,严寒,yánhán
6,严禁,yánjìn
6,严峻,yánjùn
6,严厉,yánlì
6,严密,yánmì
6,沿海,yánhǎi
6,言论,yánlùn
6,炎热,yánrè
6,岩石,yánshí
6,演变,yǎnbiàn
6,演讲,yǎnjiǎng
6,演习,yǎnxí
6,演绎,yǎnyì
6,演奏,yǎnzòu
6,掩盖,yǎngài
6,掩护,yǎnhù
6,掩饰,yǎnshì
6,眼光,yǎnguāng
6,眼色,yǎnsè
6,眼神,yǎnshén
6,眼下,yǎnxià
6,验收,yànshōu
6,验证,yànzhèng
6,厌恶,yànwù
6,氧气,yǎngqì
6,样品,yàngpǐn
6,摇摆,yáobǎi
6,摇滚,yáogǔn
6,摇晃,yáohuàng
6,遥控,yáokòng
6,遥远,yáoyuǎn
6,谣言,yáoyán
6,咬牙切齿,yǎoyá-qièchǐ
6,要不然,yàoburán
6,要点,yàodiǎn
6,要命,yàomìng
6,要素,yàosù
6,耀眼,yàoyǎn
6,野蛮,yěmán
6,野心,yěxīn
6,一流,yīliú
6,依次,yīcì
6,依旧,yījiù
6,依据,yījù
6,依靠,yīkào
6,依赖,yīlài
6,依托,yītuō
6,衣裳,yīshang
6,一度,yídù
6,一贯,yíguàn
6,一律,yílǜ
6,一目了然,yímù-liǎorán
6,一向,yíxiàng
6,一再,yízài
6,遗产,yíchǎn
6,遗传,yíchuán
6,遗留,yíliú
6,遗失,yíshī
6,疑惑,yíhuò
6,仪器,yíqì
6,仪式,yíshì
6,以便,yǐbiàn
6,以免,yǐmiǎn
6,以往,yǐwǎng
6,以至,yǐzhì
6,以致,yǐzhì
6,亦,yì
6,翼,yì
6,一帆风顺,yìfān-fēngshùn
6,一举两得,yìjǔ-liǎngdé
6,一如既往,yìrú-jìwǎng
6,一丝不苟,yìsī-bùgǒu
6,异常,yìcháng
6,意料,yìliào
6,意识,yìshí
6,意图,yìtú
6,意味着,yìwèizhe
6,意向,yìxiàng
6,意志,yìzhì
6,毅力,yìlì
6,毅然,yìrán
6,抑制,yìzhì
6,阴谋,yīnmóu
6,音响,yīnxiǎng
6,隐蔽,yǐnbì
6,隐患,yǐnhuàn
6,隐瞒,yǐnmán
6,隐私,yǐnsī
6,隐约,yǐnyuē
6,引导,yǐndǎo
6,引擎,yǐnqíng
6,引用,yǐnyòng
6,饮食,yǐnshí
6,印刷,yìnshuā
6,婴儿,yīng'ér
6,英明,yīngmíng
6,英勇,yīngyǒng
6,迎面,yíngmiàn
6,盈利,yínglì
6,荧屏,yíngpíng
6,应酬,yìngchou
6,应邀,yìngyāo
6,拥护,yōnghù
6,拥有,yōngyǒu
6,庸俗,yōngsú
6,勇于,yǒngyú
6,永恒,yǒnghéng
6,涌现,yǒngxiàn
6,踊跃,yǒngyuè
6,用功,yònggōng
6,用户,yònghù
6,优胜劣汰,yōushèng-liètài
6,优先,yōuxiān
6,优异,yōuyì
6,优越,yōuyuè
6,忧郁,yōuyù
6,油腻,yóunì
6,油漆,yóuqī
6,犹如,yóurú
6,有条不紊,yǒutiáo-bùwěn
6,幼稚,yòuzhì
6,诱惑,yòuhuò
6,愚蠢,yúchǔn
6,愚昧,yúmèi
6,舆论,yúlùn
6,渔民,yúmín
6,与日俱增,yǔrì-jùzēng
6,羽绒服,yǔróngfú
6,予以,yǔyǐ
6,愈,yù
6,预料,yùliào
6,预期,yùqī
6,预赛,yùsài
6,预算,yùsuàn
6,预先,yùxiān
6,预言,yùyán
6,预兆,yùzhào
6,欲望,yùwàng
6,寓言,yùyán
6,冤枉,yuānwang
6,元首,yuánshǒu
6,元素,yuánsù
6,元宵节,Yuánxiāojié
6,圆满,yuánmǎn
6,原告,yuángào
6,原理,yuánlǐ
6,原始,yuánshǐ
6,原先,yuánxiān
6,园林,yuánlín
6,源泉,yuánquán
6,约束,yuēshù
6,岳父,yuèfù
6,乐谱,yuèpǔ
6,熨,yùn
6,蕴藏,yùncáng
6,运算,yùnsuàn
6,运行,yùnxíng
6,酝酿,yùnniàng
6,孕育,yùnyù
6,砸,zá
6,杂技,zájì
6,杂交,zájiāo
6,咋,zǎ
6,灾难,zāinàn
6,栽培,zāipéi
6,宰,zǎi
6,在乎,zàihu
6,在意,zàiyì
6,再接再厉,zàijiē-zàilì
6,攒,zǎn
6,赞叹,zàntàn
6,赞同,zàntóng
6,赞扬,zànyáng
6,赞助,zànzhù
6,暂且,zànqiě
6,糟蹋,zāotà
6,遭受,zāoshòu
6,遭殃,zāoyāng
6,遭遇,zāoyù
6,造反,zàofǎn
6,造型,zàoxíng
6,噪音,zàoyīn
6,责怪,zéguài
6,贼,zéi
6,增添,zēngtiān
6,赠送,zèngsòng
6,渣,zhā
6,扎,zhā
6,扎实,zhāshi
6,眨,zhǎ
6,诈骗,zhàpiàn
6,摘要,zhāiyào
6,债券,zhàiquàn
6,沾光,zhānguāng
6,瞻仰,zhānyǎng
6,斩钉截铁,zhǎndīng-jiétiě
6,展示,zhǎnshì
6,展望,zhǎnwàng
6,展现,zhǎnxiàn
6,崭新,zhǎnxīn
6,战斗,zhàndòu
6,战略,zhànlüè
6,战术,zhànshù
6,战役,zhànyì
6,占据,zhànjù
6,占领,zhànlǐng
6,占有,zhànyǒu
6,章程,zhāngchéng
6,长辈,zhǎngbèi
6,障碍,zhàng'ài
6,帐篷,zhàngpeng
6,招收,zhāoshōu
6,招投标,zhāotóubiāo
6,朝气蓬勃,zhāoqì-péngbó
6,着迷,zháomí
6,沼泽,zhǎozé
6,照料,zhàoliào
6,照样,zhàoyàng
6,照耀,zhàoyào
6,照应,zhàoyìng
6,遮挡,zhēdǎng
6,折腾,zhēteng
6,折,zhé
6,折磨,zhémó
6,真相,zhēnxiàng
6,真挚,zhēnzhì
6,珍贵,zhēnguì
6,珍稀,zhēnxī
6,珍珠,zhēnzhū
6,侦探,zhēntàn
6,斟酌,zhēnzhuó
6,阵地,zhèndì
6,阵容,zhènróng
6,镇定,zhèndìng
6,镇静,zhènjìng
6,镇压,zhènyā
6,振奋,zhènfèn
6,振兴,zhènxīng
6,震惊,zhènjīng
6,争端,zhēngduān
6,争夺,zhēngduó
6,争气,zhēngqì
6,争先恐后,zhēngxiān-kǒnghòu
6,争议,zhēngyì
6,蒸发,zhēngfā
6,征服,zhēngfú
6,征收,zhēngshōu
6,正月,zhēngyuè
6,挣扎,zhēngzhá
6,整顿,zhěngdùn
6,正当,zhèngdāng
6,正负,zhèngfù
6,正规,zhèngguī
6,正经,zhèngjing
6,正气,zhèngqì
6,正义,zhèngyì
6,政权,zhèngquán
6,证实,zhèngshí
6,证书,zhèngshū
6,郑重,zhèngzhòng
6,症状,zhèngzhuàng
6,枝,zhī
6,支撑,zhīchēng
6,支出,zhīchū
6,支流,zhīliú
6,支配,zhīpèi
6,支援,zhīyuán
6,支柱,zhīzhù
6,知觉,zhījué
6,知足常乐,zhīzú-chánglè
6,脂肪,zhīfáng
6,直播,zhíbō
6,值班,zhíbān
6,殖民地,zhímíndì
6,职能,zhínéng
6,职位,zhíwèi
6,职务,zhíwù
6,指标,zhǐbiāo
6,指定,zhǐdìng
6,指甲,zhǐjia
6,指令,zhǐlìng
6,指南针,zhǐnánzhēn
6,指示,zhǐshì
6,指望,zhǐwàng
6,指责,zhǐzé
6,治安,zhì'ān
6,治理,zhìlǐ
6,制裁,zhìcái
6,制订,zhìdìng
6,制服,zhìfú
6,制约,zhìyuē
6,制止,zhìzhǐ
6,致辞,zhìcí
6,致力于,zhìlìyú
6,致使,zhìshǐ
6,智力,zhìlì
6,智能,zhìnéng
6,智商,zhìshāng
6,滞留,zhìliú
6,志气,zhìqì
6,忠诚,zhōngchéng
6,忠实,zhōngshí
6,终点,zhōngdiǎn
6,终究,zhōngjiū
6,终年,zhōngnián
6,终身,zhōngshēn
6,终止,zhōngzhǐ
6,中断,zhōngduàn
6,中立,zhōnglì
6,中央,zhōngyāng
6,衷心,zhōngxīn
6,种子,zhǒngzi
6,种族,zhǒngzú
6,肿瘤,zhǒngliú
6,重心,zhòngxīn
6,众所周知,zhòngsuǒzhōuzhī
6,州,zhōu
6,舟,zhōu
6,粥,zhōu
6,周边,zhōubiān
6,周密,zhōumì
6,周年,zhōunián
6,周期,zhōuqī
6,周折,zhōuzhé
6,周转,zhōuzhuǎn
6,皱纹,zhòuwén
6,昼夜,zhòuyè
6,株,zhū
6,诸位,zhūwèi
6,逐年,zhúnián
6,拄,zhǔ
6,主办,zhǔbàn
6,主导,zhǔdǎo
6,主管,zhǔguǎn
6,主流,zhǔliú
6,主权,zhǔquán
6,主题,zhǔtí
6,住宅,zhùzhái
6,注射,zhùshè
6,注视,zhùshì
6,注释,zhùshì
6,注重,zhùzhòng
6,助理,zhùlǐ
6,助手,zhùshǒu
6,著作,zhùzuò
6,驻扎,zhùzhā
6,铸造,zhùzào
6,拽,zhuài
6,专长,zhuāncháng
6,专程,zhuānchéng
6,专科,zhuānkē
6,专利,zhuānlì
6,专题,zhuāntí
6,砖瓦,zhuānwǎ
6,转达,zhuǎndá
6,转让,zhuǎnràng
6,转移,zhuǎnyí
6,转折,zhuǎnzhé
6,传记,zhuànjì
6,装备,zhuāngbèi
6,装卸,zhuāngxiè
6,庄严,zhuāngyán
6,庄重,zhuāngzhòng
6,幢,zhuàng
6,壮观,zhuàngguān
6,壮丽,zhuànglì
6,壮烈,zhuàngliè
6,追悼,zhuīdào
6,追究,zhuījiū
6,准则,zhǔnzé
6,琢磨,zhuómó
6,着手,zhuóshǒu
6,着想,zhuóxiǎng
6,着重,zhuózhòng
6,卓越,zhuóyuè
6,资本,zīběn
6,资产,zīchǎn
6,资深,zīshēn
6,资助,zīzhù
6,姿态,zītài
6,滋味,zīwèi
6,滋长,zīzhǎng
6,子弹,zǐdàn
6,字母,zìmǔ
6,自卑,zìbēi
6,自发,zìfā
6,自力更生,zìlì-gēngshēng
6,自满,zìmǎn
6,自主,zìzhǔ
6,踪迹,zōngjì
6,宗旨,zōngzhǐ
6,棕色,zōngsè
6,总而言之,zǒng'éryánzhī
6,总和,zǒnghé
6,纵横,zònghéng
6,走廊,zǒuláng
6,走漏,zǒulòu
6,走私,zǒusī
6,揍,zòu
6,租赁,zūlìn
6,足以,zúyǐ
6,组,zǔ
6,阻碍,zǔ'ài
6,阻拦,zǔlán
6,阻挠,zǔnáo
6,祖父,zǔfù
6,钻研,zuānyán
6,钻石,zuànshí
6,嘴唇,zuǐchún
6,尊严,zūnyán
6,遵循,zūnxún
6,左右,zuǒyòu
6,做东,zuòdōng
6,做主,zuòzhǔ
6,座右铭,zuòyòumíng
6,作弊,zuòbì
6,作废,zuòfèi
6,作风,zuòfēng
6,作息,zuòxī
